ID,original_language,good_diacritic,good_sentence_raw,good_sentence,good_translation,good_source,good_page,good_num,bad_diacritic,bad_sentence_raw,bad_sentence,bad_translation,bad_source,bad_page,bad_num,phenomenon,paradigm
1538,ind,g,Mereka belum beritahu saya apa-apa mengenainya ...,Mereka belum beritahu saya apa-apa mengenainya...,They have not yet told me anything about it ...,Kroeger 2014,144,20b,*,Mereka bukan beritahu saya apa-apa mengenainya ...,Meraka bukan beritahu saya apa-apa mengenainya...,They have not yet told me anything about it ...,Kroeger 2014,144,20b,Misc./Unknown,negation
1120,ind,g,Suaranya menakutkan anak-anak.,Suaranya menakutkan kanak-kanak.,His voice scared the children.,Sukarno 2003,290,70b,*,Anak-anak ditakutkan oleh suaranya.,Kanak-kanak ditakutkan oleh suaranya.,The children were scared by his voice.,Sukarno 2003,291,72b,Argument Structure,animacy
1030,ind,g,Ceritanya membosankan saya.,Ceritanya membosankan saya.,His story bored me.,Sukarno 2003,197,44c,*,Ceritanya membosani saya.,Ceritanya membosani saya.,His story bored me.,Sukarno 2003,197,45c,Morphology,causativization
1543,ind,g,Kemarin saya hanya makan nasi.,Semalam saya hanya makan nasi.,Yesterday I only ate rice.,Kroeger 2014,151,36a,*,Kemarin saya makan hanya nasi.,Semalam saya makan hanya nasi.,Yesterday I ate only rice.,Kroeger 2014,151,36b,Misc./Unknown,focus
1544,ind,g,Kemarin hanya saya yang makan nasi.,Semalam hanya saya yang makan nasi.,Yesterday it was only me who ate rice.,Kroeger 2014,151,36e,*,Kemarin hanya saya makan nasi.,Semalam hanya saya makan nasi.,Yesterday only I ate rice.,Kroeger 2014,151,36d,Filler-gap,cleft
1033,ind,g,Suara Maria sangat mencurigakan John.,Suara Maria sangat mencurigakan John.,Maria's voice made John (feel) so suspicious.,Sukarno 2003,198,48a,*,Suara Maria sangat mencurigai John.,Suara Maria sangat mencurigai John.,Maria's voice suspected John very much.,Sukarno 2003,199,48c,Morphology,causativization
1546,ind,g,"Menurut rencana, masjid ini bukan akan cuma jadi tempat shalat saja ...","Mengikut perancangan, masjid ini bukan akan cuma menjadi tempat solat...","According to the plan, this mosque will not just become merely a place for daily prayers ...",Kroeger 2014,154,47a,*,"Menurut rencana, masjid ini akan bukan cuma jadi tempat shalat saja ...","Mengikut perancangan, masjid ini akan bukan cuma menjadi tempat solat...",nan,Kroeger 2014,154,47b,Misc./Unknown,focus
1032,ind,g,Maria sangat menyenangi John.,Maria sangat menyenangi John.,Maria likes John very much.,Sukarno 2003,198,47d,*,Suara Maria sangat menyenangi John.,Suara Maria sangat menyenangi John.,Maria's voice likes John very much.,Sukarno 2003,198,47c,Argument Structure,animacy
1262,ind,g,"Ridwan, bang, pacarnya Dewi.","Ridwan, bang, kekasih Dewi.","Ridwan, bro, is Dewi’s boyfriend.",Besier 2021,35,78,*,"Ridwan, bang, adalah pacarnya Dewi.","Ridwan, bang, adalah kekasih Dewi.","Ridwan, bro, is Dewi’s boyfriend.",Besier 2021,35,79,Misc./Unknown,copula
1037,ind,g,John akan memanjangkan jenggotnya.,John akan memanjangkan janggutnya.,John is going to let his beard grow long.,Sukarno 2003,200,51c,*,John akan memanjangi jenggotnya.,John akan memanjangi janggutnya.,John is going to let his beard grow long.,Sukarno 2003,201,52c,Morphology,causativization
2240,zsm,g,Bill minum dua liter air.,Bill minum dua liter air sungai.,Bill drank two liters of river water.,Carson 2000 (adapted),86,13,*,Bill minum dua air.,Bill minum dua air sungai.,Bill drank two river waters.,Carson 2000 (adapted),87,14,Nominal Structure,measure phrase
15,ind,g,Buku itu tidak saya inginkan.,Buku itu tidak saya inginkan.,I don't want the book.,constructed,nan,nan,*,Buku itu tidak saya ingin.,Buku itu tidak saya ingin.,I don't want the book.,Cole & Hermon 2005,67,31a,Argument Structure,transitivity
527,ind,g,Ayah membuatkan mainan itu untuk Tomo.,Ayah membuatkan mainan itu untuk Tomo.,Father made Tomo the toy.,Postman 2002,172,74a,*,Ayah membuatkan untuk Tomo.,Ayah membuatkan untuk Tomo.,Father made Tomo.,Postman 2002,172,74a,Argument Structure,applicative
17,ind,g,Buku yang Wati tulis ada di atas meja itu.,Buku yang Wati tulis ada di atas meja itu.,The book that Wati wrote is on the table.,Cole & Hermon 2005,67,33,*,Buku yang Wati menulis ada di atas meja itu.,Buku yang Wati menulis ada di atas meja itu.,The book that Wati wrote is on the table.,Cole & Hermon 2005,67,32,Morphology,voice
18,ind,g,Buku yang orang terkenal tulis itu ada di atas meja.,Buku yang orang terkenal tulis itu ada di atas meja.,The book written by the famous person is on the table.,constructed,nan,nan,*,Buku yang orang yang tulis terkenal itu ada di atas meja.,Buku yang orang yang menulis terkenal itu ada di atas meja.,The book that the man who wrote is famous is on the table.,Cole & Hermon 2005 (adapted),69,37b,Island effects,complex-NP island
19,zsm,g,Mobil yang Ali beli mobil itu membuat saya marah rusak.,Kereta yang Ali beli kereta itu membuat saya marah rosak.,The car that that Ali bought the car made me angry broke down.,constructed,nan,nan,*,Mobil yang Ali beli membuat saya marah rusak.,Kereta yang Ali beli membuat saya marah rosak.,The car that that Ali bought made me angry broke down.,Cole & Hermon 2005,70,38b,Island effects,subject island
530,ind,g,Mainan itu dibuatkan ayah untuk Tomo.,Mainan itu dibuatkan ayah untuk Tomo.,Father made Tomo the toy.,Postman 2002,172,74b,*,Mainan itu dibuatkan ayah.,Mainan itu dibuatkan ayah.,Father made the toy for.,Postman 2002,172,74b,Argument Structure,applicative
21,ind,g,Mobil yang Ali tanya di mana Wati belinya rusak.,Kereta yang Ali tanya di mana Wati belinya rosak.,The car that Ali asked where Wati bought it broke down.,constructed,nan,nan,*,Mobil yang Ali tanya di mana Wati beli rusak.,Kereta yang Ali tanya di mana Wati beli rosak.,The car that Ali asked where Wati bought broke down.,Cole & Hermon 2005,70,40b,Island effects,wh- island
2243,zsm,g,Polis dan perompak menembak satu sama lain di jalan raya.,Polis dan perompak menembak satu sama lain di jalan raya.,Police and robbers shot each other on the street.,Nomoto 2011,7,23c,*,Satu sama lain menembak polis dan perompak di jalan raya.,Satu sama lain menembak polis dan perompak di jalan raya.,Police and robbers shot each other on the street.,Nomoto 2011,7,23c,Binding,reciprocal
1553,ind,g,Terkadang aku harus diam untuk tidak memperbesar masalah.,Kadang-kadang aku harus berdiam diri untuk tidak memperbesar masalah.,Occasionally I need to keep silent in order not to make the problem worse.,Kroeger 2014,167,82a,*,Terkadang aku harus diam untuk bukan memperbesar masalah.,Kadang-kadang aku harus berdiam diri untuk bukan memperbesar masalah.,Occasionally I need to keep silent in order not to make the problem worse.,Kroeger 2014,167,82a,Misc./Unknown,negation
1558,ind,g,"Gadis itu bukan menangis karena sedih, tetapi karena gembira.","Gadis itu bukan menangis kerana sedih, tetapi kerana gembira.","That girl is not crying because she is sad, but because (she is) happy.",Kroeger 2014,169,87a,*,"Gadis itu tidak menangis karena sedih, tetapi karena gembira.","Gadis itu tidak menangis kerana sedih, tetapi kerana gembira.","That girl is not crying, because she is sad.",Kroeger 2014,169,87b,Misc./Unknown,negation
1049,ind,g,Para petani menyirami lahan dengan air.,Petani menyirami ladang dengan air.,The farmers poured the prepared ground with water.,Sukarno 2003,209,62b,*,Para petani menyirami lahan air.,Petani menyirami ladang air.,The farmers poured the prepared ground water.,Sukarno 2003,209,63b,Argument Structure,transitivity
538,ind,g,Perempuan yang dia lihat itu menangis.,Perempuan yang dia lihat itu menangis.,That woman that he saw cried.,Postman 2002,193,104,*,Perempuan yang dia melihat itu menangis.,Perempuan yang dia melihat itu menangis.,That woman that he saw cried.,Postman 2002,193,103,Filler-gap,relative clause
537,ind,g,Ali mengirim apa kepada Tomo?,Ali menghantar apa kepada Tomo?,What did Ali send to Tomo?,Postman 2002,192,101,*,Apa Ali mengirim kepada Tomo?,Apa yang Ali menghantar kepada Tomo?,What did Ali send to Tomo?,Postman 2002 (adapted),192,102,Filler-gap,wh- question
1556,ind,g,Saya minta supaya saudara tidak pergi.,Saya minta supaya saudara tidak pergi.,I request that you don't go.,Kroeger 2014,168,86a,*,Saya minta supaya saudara bukan pergi.,Saya minta supaya saudara bukan pergi.,I request that you don't go.,Kroeger 2014,168,86a,Misc./Unknown,negation
30,zsm,g,Siapakah yang Bill tahu yang Ali cintai?,Siapakah yang Bill tahu yang Ali cintai?,Who does Bill know that Ali loves?,Cole & Hermon 2005,73,49,*,Siapakah yang Bill tahu bahawa Ali cintai?,Siapakah yang Bill tahu bahawa Ali cintai?,Who does Bill know that Ali loves?,Cole & Hermon 2005,73,48,Island effects,factive island
542,ind,g,Buku yang John beli itu menarik.,Buku yang John beli itu menarik.,That book that John bought is interesting.,Postman 2002,200,113,*,Buku yang John membeli itu menarik.,Buku yang John membeli itu menarik.,That book that John bought is interesting.,Postman 2002,200,113,Filler-gap,relative clause
544,ind,g,Buku itu sudah dibaca oleh dia.,Buku itu sudah dibaca oleh dia.,That book has already been read by him/her.,Postman 2002,271,49,*,Buku itu sudah dibaca oleh saya.,Buku itu sudah dibaca oleh saya.,That book has already been read by me.,Postman 2002,271,49,Verbal Agreement,person constraint
545,ind,g,Buku itu sudah dibaca oleh dia.,Buku itu sudah dibaca oleh dia.,That book has already been read by him/her.,Postman 2002,271,49,*,Buku itu sudah dibaca oleh kamu.,Buku itu sudah dibaca oleh awak.,That book has already been read by you.,Postman 2002,271,49,Verbal Agreement,person constraint
546,ind,g,"Akan memegang bukumu, aku.","Akan memegang bukumu, aku.",I will hold your books.,Vamarasi 1999,10,2.5,*,"Akan will memegang bukumu, ku.","Akan memegang bukumu, ku.",I will hold your books.,Vamarasi 1999,11,2.6,Misc./Unknown,pronoun
547,ind,g,Boleh pergi kamu.,Boleh pergi kamu.,You may go.,Vamarasi 1999,11,2.7,*,Boleh pergi mu.,Boleh pergi mu.,You may go.,Vamarasi 1999,11,2.8,Misc./Unknown,pronoun
548,ind,g,Siapa yang membeli rumah anda?,Siapa yang membeli rumah awak?,Who bought your house?,Vamarasi 1999,12,2.16,*,Apa yang orang itu membeli?,Apa yang orang itu membeli?,What did that person buy?,Vamarasi 1999,12,2.17,Filler-gap,relative clause
549,ind,g,Saya mengirim buku-buku kepada teman.,Saya menghantar buku kepada kawan.,I sent books to a friend.,Vamarasi 1999,14,2.32,*,Saya mengirim kepada teman buku-buku.,Saya menghantar kepada kawan buku-buku.,I sent books to a friend.,Vamarasi 1999,14,2.33,Argument Structure,scrambling
550,ind,g,Dia membuka tasnya untuk polisi.,Dia membuka begnya untuk polis.,He opened his case for the police.,Vamarasi 1999,14,2.34,*,Dia membuka untuk polisi tasnya .,Dia membuka untuk polis begnya.,He opened his case for the police.,Vamarasi 1999,14,2.35,Argument Structure,scrambling
551,ind,g,Kami menghibur diri.,Kita menghibur diri.,We consoled ourselves.,Vamarasi 1999,15,2.4.0,*,Kami menghibur kami sendiri.,Kita menghibur kita sendiri.,We consoled ourselves.,Vamarasi 1999,15,2.42,Morphology,reflexive
1575,ind,g,Ayah mencoba memakai obat.,Ayah mencuba memakai ubat.,Father tried to use medicine.,Arka 2021,187,10a,*,Ayah mencoba obat dipakai.,Ayah mencuba ubat dipakai.,nan,Arka 2021,187,10b,Control/Raising,subject control
41,ind,g,Buku yang saya belikan untuk adik saya ada di atas meja itu.,Buku yang saya belikan untuk adik saya ada di atas meja itu.,The book that I bought for my brother is on the table.,Cole & Hermon 2005,79,63c,*,Buku yang saya belikan adik saya ada di atas meja itu.,Buku yang saya belikan adik saya ada di atas meja itu.,The book that I bought my brother is on the table.,Cole & Hermon 2005,79,63d,Filler-gap,relative clause
43,ind,g,Saya menulis surat kepada ibu saya.,Saya menulis surat kepada ibu saya.,I wrote a letter to my mother.,Cole & Hermon 2005,79,64a,*,Saya menulisi surat kepada ibu saya.,Saya menulisi surat kepada ibu saya.,I wrote a letter to my mother.,Cole & Hermon 2005,79,64a,Argument Structure,applicative
557,ind,g,Pintu itu dibuka Heri.,Pintu itu dibuka Heri.,The door was opened by Heri.,Vamarasi 1999 (adapted),47,4.2b,*,Pintu itu dibuka engkau.,Pintu itu dibuka engkau.,The door was opened by you.,Vamarasi 1999,47,4.2c,Verbal Agreement,person constraint
558,ind,g,Pintu itu dibukanya.,Pintu itu dibukanya.,The door was opened by him.,Vamarasi 1999,47,4.2a,*,Pintu itu dibuka engkau.,Pintu itu dibuka engkau.,The door was opened by you.,Vamarasi 1999,47,4.2c,Verbal Agreement,person constraint
2248,ind,g,Budi memiliki seekor sapi.,Budi memiliki seekor lembu.,Budi has a cow.,Kadaryanto 2010,8,5b,*,Budi memiliki sesapi.,Budi memiliki selembu.,Budi has a cow.,Kadaryanto 2010,8,5b,Quantifiers,classifier
1584,ind,g,Ayah coba make obat.,Ayah cuba pakai ubat.,Father tried to use medicine.,Arka 2021,187,10a,*,Ayah coba obat pakai oleh.,Ayah cuba ubat pakai oleh.,nan,Arka 2021,187,10b,Control/Raising,subject control
49,zsm,g,Siapakah yang Ali anggap Minah suka?,Siapakah yang Ali anggap Minah suka?,Who does Ali believe Minah likes?,constructed,nan,nan,*,Siapakah yang Ali menganggap Minah suka?,Siapakah yang Ali menganggap Minah suka?,Who does Ali believe Minah likes?,Soh & Nomoto 2011,80,5a,Morphology,voice
563,ind,g,Pintu itu dibuka dia.,Pintu itu dibuka dia.,The door was opened by him.,Vamarasi 1999,50,4.7a,*,Pintu itu dibuka saya.,Pintu itu dibuka saya.,The door was opened by me.,Vamarasi 1999,50,4.7h,Verbal Agreement,person constraint
51,zsm,g,Dari jauh datang seorang lelaki tinggi.,Dari jauh datang seorang lelaki tinggi.,From a distance came a tall man.,Soh & Nomoto 2011,83,15b,*,Ke pasar pergi seorang lelaki tinggi.,Ke pasar pergi seorang lelaki tinggi.,A tall man went to a market.,Soh & Nomoto 2011,84,16b,Argument Structure,transitivity
2249,ind,g,Sebentar kemudian datang seorang bocah pekerja membawakan dua buah topi bambu.,Seketika kemudian datang seorang pekerja muda membawa dua buah topi.,In a moment a peddler boy came [and] took two hats.,Kadaryanto 2010 (adapted),29,26a,*,Sebentar kemudian datang sebocah pekerja membawakan dua buah topi bambu.,Seketika kemudian datang sepekerja muda membawa dua buah topi.,In a moment a peddler boy came [and] took two hats.,Kadaryanto 2010 (adapted),29,26a,Quantifiers,classifier
1589,ind,g,Nasi pun dia akan curi.,Beras pun dia akan curi.,"Even rice, s/he would also steal (it).",Arka 2021,187,14b,*,Nasi pun dia akan nyuri.,Beras pun dia akan nyuri.,"Even rice, s/he would also steal (it).",Arka 2021,187,14a,Morphology,inflection
1590,ind,g,"Wanita itu, dia yang memukulnya.","Wanita itu, dia yang memukulnya.","That woman, he is the one who hit her.",Arka 2021,188,15,?,"Wanita itu, dia yang mukulnya.","Wanita itu, dia yang mukulnya.","That woman, he is the one who hit her.",Arka 2021,188,15,Morphology,voice
1592,ind,g,Teka-teki yang saya saja mampu menjawab ada di sini.,Teka-teki yang saya saja mampu menjawab ada di sini.,a puzzle which only I can answer,Arka 2021 (adapted),196,27b,*,Teka-teki yang saya mampu menjawab ada di sini.,Teka-teki yang saya mampu menjawab ada di sini.,nan,Arka 2021 (adapted),196,27b',Filler-gap,relative clause
1594,ind,g,orang yang barangkali hanya kamu sudah mengiriminya uang,Orang yang barangkali hanya awak sudah menghantarnya wang ada di sini.,(the) person who perhaps you are the only person sending him money,Arka 2021 (adapted),200,32b,*,orang yang barangkali hanya kamu sudah mengirim uang untuk,Orang yang barangkali hanya awak sudah menghantar wang untuk ada di sini.,nan,Arka 2021 (adapted),200,32a,Filler-gap,resumptive pronoun
573,ind,g,Saya lupa akan payung kami.,Saya lupa akan payung kita.,I forgot our umbrella.,Vamarasi 1999,58,4.45b,?,Payung kami saya lupa.,Payung kita saya lupa.,Our umbrella I forgot./I forgot our umbrella.,Vamarasi 1999,58,4.44b,Filler-gap,topicalization
1599,ind,g,Dia mencuci sayurnya.,Dia membasuh sayurnya.,(S)he washes his/her vegetables.,Beavers & Udayana 2022,63,25a,*,Dia bercuci sayurnya.,Dia berbasuh sayurnya.,(S)he washes his/her vegetables.,Beavers & Udayana 2022,63,25b,Argument Structure,transitivity
64,ind,g,Siapa yang dirampok tadi malam?,Siapa yang dirompak malam tadi?,Who was robbed last night?,"Cole, Hermon & Tjung 2005",558,9a,*,Siapa dirampok tadi malam?,Siapa dirompak malam tadi?,Who was robbed last night?,"Cole, Hermon & Tjung 2005",557,6a,Filler-gap,wh- question
1088,ind,g,Paul menarikan sebuah tarian di aula.,Paul menari sebuah tarian di dalam dewan.,Paul danced a (particular) dance in the auditorium.,Sukarno 2003,277,43a,*,Paul menari sebuah tarian di aula.,Paul menarikan sebuah tarian di dalam dewan.,Paul danced a (particular) dance in the auditorium.,Sukarno 2003,277,43b,Argument Structure,internal argument
1090,ind,g,Angin meniup apa?,Angin meniup apa?,What did the wind blow?,Sukarno 2003,277,45a,*,Angin sedang bertiup apa?,Angin sedang bertiup apa?,What is the wind blowing?,Sukarno 2003,277,44a,Argument Structure,aspect
581,ind,g,Kita naik taxi itu ke Jayapura.,Kami naik teksi itu ke Jayapura.,We rode that taxi to Jayapura.,Vamarasi 1999 (adapted),61,4.55a,*,Taxi itu kita naik ke Jayapura.,Teksi itu kami naik ke Jayapura.,That taxi was taken by us to Jayapura,Vamarasi 1999,61,4.56,Filler-gap,topicalization
70,zsm,g,Abu belajarlah di bilik itu tadi.,Abu belajarlah di bilik itu tadi.,It was studying that Abu did in that room just now.,"Cole, Hermon & Tjung 2005",561,17,*,Abulah belajar di bilik itu tadi.,Abulah belajar di bilik itu tadi.,It was Abu who was studying in that room just now.,"Cole, Hermon & Tjung 2005",561,15,Misc./Unknown,focus
72,zsm,g,Abu belajar di bilik itu tadilah.,Abu belajar di bilik itu tadilah.,It was just now that Abu was studying in that room.,"Cole, Hermon & Tjung 2005",562,21,*,Abulah belajar di bilik itu tadi.,Abulah belajar di bilik itu tadi.,It was Abu who was studying in that room just now.,"Cole, Hermon & Tjung 2005",561,15,Misc./Unknown,focus
73,zsm,g,Abu belajarkah di bilik itu tadi?,Abu belajarkah di bilik itu tadi?,Was it studying that Abu did in that room just now?,"Cole, Hermon & Tjung 2005",562,18,*,Abukah belajar di bilik itu tadi?,Abukah belajar di bilik itu tadi?,Was it Abu who was studying in that room just now?,"Cole, Hermon & Tjung 2005",561,16,Misc./Unknown,focus
1608,ind,g,Tono berdandan diri.,Tono berdandan diri.,Tono dressed (himself).,Beavers & Udayana 2022,65,30,*,Tono berdandan dengan cepat diri.,Tono berdandan dengan cepat diri.,Tono dressed (himself).,Beavers & Udayana 2022,65,30,Argument Structure,internal argument
2253,ind,g,Anak-anak senang belajar Matematika.,Budak-buka suka belajar matematik.,Children like studying Math.,Kadaryanto 2010,43,44a,*,Anak senang belajar Matematika.,Budak suka belajar matematik.,Children like studying Math.,Kadaryanto 2010,43,44a,Morphology,inflection
76,ind,g,Bapakku yang menjadi guru.,Bapaku yang menjadi guru.,My father is (the one) who is a teacher.,"Cole, Hermon & Tjung 2005",564,29b,*,Bapakku yang guru.,Bapaku yang guru.,My father is (the one) who is a teacher.,"Cole, Hermon & Tjung 2005",564,29a,Filler-gap,relative clause
588,ind,g,Bacalah buku itu!,Bacalah buku itu!,Read that book!,Vamarasi 1999,64,4.69a,*,Bacanyalah!,Bacanyalah!,Read it!,Vamarasi 1999,64,4.72a,Misc./Unknown,pronoun
1102,ind,g,Semua orang akan disambut dengan pintu terbuka.,Semua orang akan disambut dengan pintu terbuka.,All will be welcomed with an open door.,Sukarno 2003,283,57a,*,Semua orang akan disambut dengan pintu dibuat.,Semua orang akan disambut dengan pintu dibuka.,All will be welcomed with an opened door.,Sukarno 2003,283,57b,Nominal Structure,modifier
1103,ind,g,Para pemberontak akan disambut dengan tangan terbuka.,Pemberontak akan disambut dengan tangan terbuka.,The rebels will be welcomed with open arms.,Sukarno 2003,283,57c,*,Para pemberontak akan disambut dengan tangan dibuka.,Pemberontak akan disambut dengan tangn dibuka.,The rebels will be welcomed with opened arms.,Sukarno 2003,283,57d,Nominal Structure,modifier
1104,ind,g,Salju menutupi Mt Ruapehu.,Salji meliputi Gunung Ruapehu.,Snow covers Mt. Ruapehu.,Sukarno 2003,285,61a,*,Salju menutup Mt Ruapehu.,Salji meliput Gunung Ruapehu.,Snow covers Mt. Ruapehu.,Sukarno 2003,284,60a,Argument Structure,internal argument
593,ind,g,Ibu memasakkannya nasi gorengnya.,Ibu memasakkannya nasi goreng itu.,Mother cooked him the fried rice.,Vamarasi 1999,73,5.5,*,Ibu memasakkan ia nasi gorengnya. ,Ibu memasakkan dia nasi goreng itu.,Mother cooked him the fried rice.,Vamarasi 1999,73,5.6,Misc./Unknown,pronoun
1618,zsm,g,Ali memberitahu kamu yang Mary fikir dia suka perempuan yang beli apa?,Ali memberitahu kamu yang Mary fikir dia suka perempuan yang beli apa?,What did Ali tell you that Mary thinks that he likes a woman who bought?,Cole & Hermon 2000,107,8,*,Ali memberitahu kamu apa yang Mary fikir dia suka perempuan yang beli?,Ali memberitahu kamu apa yang Mary fikir dia suka perempuan yang beli?,What did Ali tell you that Mary thinks that he likes a woman who bought?,Cole & Hermon 2000,107,9,Island effects,complex-NP island
1619,zsm,g,Ali memberitahu kamu yang Mary fikir dia suka perempuan yang beli apa?,Ali memberitahu kamu yang Mary fikir dia suka perempuan yang beli apa?,What did Ali tell you that Mary thinks that he likes a woman who bought?,Cole & Hermon 2000,107,8,*,Ali memberitahu kamu apa Mary fikir dia suka perempuan yang beli?,Ali memberitahu kamu apa Mary fikir dia suka perempuan yang beli?,What did Ali tell you that Mary thinks that he likes a woman who bought?,Cole & Hermon 2000,107,9,Island effects,complex-NP island
1616,ind,g,Esti pulang karena Budi tidak mau berdansa dengan dia?,Esti balik kerana siapa tidak mahu menari dengan dia?,Did Esti go home because Budi didn't want to dance with her?,Sato 2013,500,9a,*,Siapa yang Esti pulang karena tidak mau berdansa dengan dia?,Siapa yang Esti balik kerana tidak mahu menari dengan dia?,Who did Esti go home bacause didn't want to danse with her?,Sato 2013,500,9c,Island effects,adjunct island
2255,ind,g,Anak-anaknya Pak Darto semuanya pintar-pintar.,Anak-anak Pak Darto semuanya pintar-pintar.,Mr. Darto’s children are all clever.,Kadaryanto 2010 (adapted),44,44b,*,Anaknya Pak Darto semuanya pintar-pintar.,Anak Pak Darto semuanya pintar-pintar.,Mr. Darto’s children are all clever.,Kadaryanto 2010 (adapted),44,44b,Morphology,inflection
1622,zsm,g,Kamu sayang perempuan yang Ali fikir telah berjumpa siapa?,Kamu sayang perempuan yang Ali fikir telah berjumpa dengan siapa?,You love the woman who Ali thinks met who?,Cole & Hermon 1998 (adapted),107,10a,*,Kamu sayang perempuan yang Ali fikir dengan siapa telah jumpa?,Kamu sayang perempuan yang Ali fikir dengan siapa telah jumpa?,You love the woman who Ali thinks met who?,Cole & Hermon 2000,108,11a,Island effects,complex-NP island
1624,zsm,g,Kamu sayang perempuan yang Ali fikir yang telah makan apa?,Kamu sayang perempuan yang Ali fikir yang telah makan apa?,You love the woman who Ali thinks ate what?,Cole & Hermon 2000,107,10b,*,Kamu sayang perempuan yang Ali fikir apa yang telah makan?,Kamu sayang perempuan yang Ali fikir apa yang telah makan?,You love the woman who Ali thinks ate what?,Cole & Hermon 2000,108,11b,Island effects,complex-NP island
1625,zsm,g,Kamu sayang perempuan yang Ali fikir telah makan apa?,Kamu sayang perempuan yang Ali fikir telah makan apa?,You love the woman who Ali thinks ate what?,Cole & Hermon 2000,107,10b,*,Kamu sayang perempuan yang Ali fikir apa telah makan?,Kamu sayang perempuan yang Ali fikir apa telah makan?,You love the woman who Ali thinks ate what?,Cole & Hermon 2000,108,11b,Island effects,complex-NP island
601,ind,g,Dia menyanyi untuk pacarnya.,Dia menyanyi untuk teman wanitanya.,He sang for his girlfriend.,Vamarasi 1999,76,7.16a,*,Dia menyanyikan pacarnya.,Dia menyanyikan teman wanitanya.,He sang for his girlfriend.,Vamarasi 1999,76,7.16b,Argument Structure,applicative
91,ind,g,"Ali berdansa dengan Fatimah kemarin, tapi saya tidak ingat siapa lagi.","Ali menari dengan Fatimah semalam, tapi saya tak ingat siapa lagi.","Ali danced with Fatimah yesterday, but I don't remember who else.",Sato 2011,348,18a,?,"Ali berdansa dengan Fatimah kemarin, tapi saya tidak ingat siapa itu lagi.","Ali menari dengan Fatimah semalam, tapi saya tak ingat siapa itu lagi.","*Ali danced with Fatimah yesterday, but I don't remember who else it was.",Sato 2011,348,18b,Ellipsis,sluicing
92,ind,g,"Ali berdansa dengan banyak orang kemarin, tapi saya tidak ingat siapa saja.","Ali menari dengan ramai orang semalam, tapi saya tidak ingat siapa.","*Ali danced with many people yesterday, but I don't remember who all.",Sato 2011,348,19a,?,"Ali berdansa dengan banyak orang kemarin, tapi saya tidak ingat siapa saja itu.","Ali menari dengan ramai orang semalam, tapi saya tidak ingat siapa itu.","Ali danced with many people yesterday, but I don't remember who all it was.",Sato 2011,348,19b,Ellipsis,sluicing
1116,ind,g,Berita itu menyedihkan ibu.,Berita itu menyedihkan ibu.,The news saddened mother.,Sukarno 2003,290,70a,*,Berita itu menyedihi ibu.,Beritu itu menyedihi ibu.,The news saddened mother.,Sukarno 2003,290,71a,Morphology,causativization
603,ind,g,Isak mengajarinya ilmu bumi.,Isak mengajarinya ilmu geografi.,Isak teaches him geography.,Vamarasi 1999,79,5.27,*,Isak mengajari ia ilmu bumi.,Isak mengajari dia ilmu geografi.,Isak teaches him geography.,Vamarasi 1999,79,5.29,Misc./Unknown,pronoun
95,ind,g,"Saya sering sekali menyumbang barang-barang ke berbagai masjid di segala penjuru Amerika Serikat, jadi saya tidak ingat apa, ke masjid yang mana.","Saya sering kali menyumbang barang-barang ke pelbagai masjid di segala penjuru Amerika Syarikat, jadi saya tidak ingat apa, ke masjid yang mana.","I very often donate goods to various mosques in all corners of the United States, so I don't remember what, to which mosque.",Sato 2011,356,37,*,"Saya sering sekali menyumbang barang-barang ke berbagai masjid di segala penjuru Amerika Serikat, jadi saya tidak ingat apa, ke masjid yang mana itu.","Saya sering kali menyumbang barang-barang ke pelbagai masjid di segala penjuru Amerika Syarikat, jadi saya tidak ingat apa, ke masjid yang mana itu.","I very often donate goods to various mosques in all corners of the United States, so I don't remember what, to which mosque it is.",Sato 2011,356,38,Ellipsis,sluicing
96,ind,g,"Saya sering sekali menyumbang barang-barang ke berbagai masjid di segala penjuru Amerika Serikat, jadi saya tidak ingat apa, masjid yang mana.","Saya sering kali menyumbang barang-barang ke pelbagai masjid di segala penjuru Amerika Syarikat, jadi saya tidak ingat apa, masjid yang mana.","I very often donate goods to various mosques in all corners of the United States, so I don't remember what, which mosque.",Sato 2011,356,37,*,"Saya sering sekali menyumbang barang-barang ke berbagai masjid di segala penjuru Amerika Serikat, jadi saya tidak ingat apa, masjid yang mana itu.","Saya sering kali menyumbang barang-barang ke pelbagai masjid di segala penjuru Amerika Syarikat, jadi saya tidak ingat apa, masjid yang mana itu.","I very often donate goods to various mosques in all corners of the United States, so I don't remember what, which mosque it is.",Sato 2011,356,38,Ellipsis,sluicing
97,ind,g,"Saya sering sekali bicara dengan banyak orang-orang di berbagai masjid di segala penjuru Amerika Serikat jadi saya tidak ingat dengan siapa, di masjid yang mana.","Saya sering kali bercakap dengan ramai orang-orang di pelbagai masjid di segala penjuru Amerika Syarikat, jadi saya tidak ingat dengan siapa, di masjid yang mana.","I very often talk with many people in various mosques in all corners of the United States, so I don't remember who in which mosque it is.",Sato 2011,356,39,*,"Saya sering sekali bicara dengan banyak orang-orang di berbagai masjid di segala penjuru Amerika Serikat, jadi saya tidak ingat dengan siapa, di masjid yang mana itu.","Saya sering kali bercakap dengan ramai orang-orang di pelbagai masjid di segala penjuru Amerika Syarikat, jadi saya tidak ingat dengan siapa, di masjid yang mana itu.","I very often talk with many people in various mosques in all corners of the United States, so I don't remember who in which mosque it is.",Sato 2011,357,40,Ellipsis,sluicing
98,ind,g,"Saya sering sekali bicara dengan banyak orang-orang di berbagai masjid di segala penjuru Amerika Serikat, jadi saya tidak ingat dengan siapa, masjid yang mana.","Saya sering kali bercakap dengan ramai orang-orang di pelbagai masjid di segala penjuru Amarika Syarikat, jadi saya tidak ingat dengan siapa, masjid yang mana.","I very often talk with many people in various mosques in all corners of the United States, so I don't remember who in which mosque it is.",Sato 2011,356,39,*,"Saya sering sekali bicara dengan banyak orang-orang di berbagai masjid di segala penjuru Amerika Serikat, jadi saya tidak ingat dengan siapa, masjid yang mana itu.","Saya sering kali bercakap dengan ramai orang-orang di pelbagai masjid di segala penjuru Amarika Syarikat, jadi saya tidak ingat dengan siapa, masjid yang mana itu.","I very often talk with many people in various mosques in all corners of the United States, so I don't remember who in which mosque it is.",Sato 2011,357,40,Ellipsis,sluicing
611,ind,g,Dia menulisi dinding dengan namanya. ,Dia menulisi dinding dengan namanya.,He wrote his name on the wall.,Vamarasi 1999,84,5.50b,*,Dia menulisi dinding namanya.,Dia menulisi dinding namanya.,He wrote his name on the wall.,Vamarasi 1999,84,5.52,Argument Structure,applicative
100,ind,g,"Saya sering sekali bicara dengan banyak orang-orang di berbagai masjid di segala penjuru Amerika Serikat, jadi saya tidak ingat siapa, masjid yang mana.","Saya sering kali bercakap dengan ramai orang-orang di pelbagai masjid di segala penjuru Amarika Syarikat, jadi saya tidak ingat siapa, masjid yang mana.","I very often talk with many people in various mosques in all corners of the United States, so I don't remember who in which mosque it is.",Sato 2011,356,39,*,"Saya sering sekali bicara dengan banyak orang-orang di berbagai masjid di segala penjuru Amerika Serikat, jadi saya tidak ingat siapa, masjid yang mana itu.","Saya sering kali bercakap dengan ramai orang-orang di pelbagai masjid di segala penjuru Amarika Syarikat, jadi saya tidak ingat siapa, masjid yang mana itu.","I very often talk with many people in various mosques in all corners of the United States, so I don't remember who in which mosque it is.",Sato 2011,357,40,Ellipsis,sluicing
101,ind,g,Saya bertanya-tanya siapa yang beli apa kemarin.,Saya tertanya-tanya siapa yang beli apa semalam.,I wonder who bought what yesterday.,Sato 2011,365,57a,*,Saya bertanya-tanya apa yang siapa beli.,Saya tertanya-tanya apa yang siapa beli.,*I wonder what who bought.,Sato 2011,365,57b,Filler-gap,intervention effects
1125,ind,g,Suara Maria sangat menyenangkan John.,Suara Maria sangat menyenangkan John.,Maria's voice pleases John very much.,Sukarno 2003,291,73a,*,Suara Maria sangat menyenangi John.,Suara Maria sangat menyenangi John.,Maria's voice pleases John very much.,Sukarno 2003,291,74,Morphology,causativization
615,ind,g,Penanaman jagung akan terlambat.,Penanaman jagung akan terlambat.,Planting corn will be late.,Vamarasi 1999,85,5.57b,*,Penanaman ladangnya akan terlambat.,Penanaman ladangnya akan terlambat.,Planting his field will be late.,Vamarasi 1999,85,5.57c,Argument Structure,internal argument
1128,ind,g,Suara Maria sangat mencurigakan John.,Suara Maria sangat mencurigakan John.,Maria's voice made John (feel) so suspicious.,Sukarno 2003,292,76a,*,Suara Maria sangat mencurigai John.,Suara Maria sangat mencurigai John.,Maria's voice made John (feel) so suspicious.,Sukarno 2003,292,76b,Morphology,causativization
608,ind,g,Mia memberikan dirinya pada laki-laki itu.,Mia menyerahkan dirinya kepada lelaki itu.,Mia gave herself to that man.,Vamarasi 1999,80,5.36a,*,Mia memberi laki-laki itu dirinya. ,Mia menyerahkan lelaki itu dirinya.,Mia gave the man herself.,Vamarasi 1999,80,5.36b,Binding,anaphor
1121,ind,g,Suaranya menakutkan anak-anak.,Suaranya menakutkan kanak-kanak.,His voice scared the children.,Sukarno 2003,290,70b,*,Anak-anak ditakutkan suaranya.,Kanak-kanak ditakutkan suaranya.,The children were scared by his voice.,Sukarno 2003,291,72b,Argument Structure,animacy
108,ind,g,Anak yang rajin dan pandai ada di sini.,Kanak-kanak yang rajin dan pandai ada di sini.,Industrious and intelligent child is here.,Verhaar 1983 (adapted),49,23,*,Anak rajin dan pandai ada di sini.,Kanak-kanak rajin dan pandai ada di sini.,Industrious and intelligent child is here.,Verhaar 1983 (adapted),49,23,Nominal Structure,modifier
621,ind,g,Alilah yang kematian anak.,Alilah yang kematian anak.,It is Ali whose child died (on him).,Vamarasi 1999,100,6.21,*,Anaknyalah yang Ali kematian.,Anaknyalah yang Ali kematian.,It was his child that died on Ali.,Vamarasi 1999,100,6.27,Filler-gap,cleft
1140,ind,g,Padinya kuning.,Padi itu kuning.,The rice is yellow.,Sukarno 2003,301,87a,*,Padinya akan kuning.,Padi itu akan kuning.,The rice is going to be yellow.,Sukarno 2003,302,91,Argument Structure,aspect
629,ind,g,Saya menganggap bahwa dia bodoh.,Saya menganggap bahawa dia bodoh.,I consider that he is a fool.,Vamarasi 1999,123,7.5a,*,Saya menganggap dia bahwa bodoh.,Saya menganggap dia bahawa bodoh.,I consider him (to be) a fool.,Vamarasi 1999,123,7.7,Misc./Unknown,verbal structure
631,ind,g,Saya pikir bahwa orang itu telah melakukan kesalahan.,Saya fikir bahawa orang itu telah melakukan kesalahan.,I think that that person has made a mistake.,Vamarasi 1999,123,7.6a,*,Saya pikir orang itu bahwa telah melakukan kesalahan.,Saya fikir orang itu bahawa telah melakukan kesalahan.,I think that person to have made a mistake.,Vamarasi 1999,124,7.8,Misc./Unknown,verbal structure
633,ind,g,Saya mengira mereka saling mencium.,Saya menyangka mereka saling bercium.,I thought them to have kissed (each other).,Vamarasi 1999,127,7.21a,*,Mereka mengira saya saling mencium.,Mereka menyangka saya saling bercium.,They thought me to have kissed each other.,Vamarasi 1999,127,7.21b,Binding,reciprocal
638,ind,g,Ia mengijinkan kami supaya kami berbicara.,Dia mengizinkan supaya kami bercakap.,He permitted (that) I speak.,Vamarasi 1999 (adapted),138,8.7a,*,Ia mengijinkan kami supaya kami telah berbicara.,Dia mengizinkan kami supaya kami telah bercakap.,He permitted (that) we have spoken.,Vamarasi 1999,138,8.11,Control/Raising,complementation
639,ind,g,Ia mengijinkan kami untuk berbicara.,Dia mengizinkan kami untuk bercakap.,He permitted us to speak.,Vamarasi 1999 (adapted),138,8.7b,*,Ia mengijinkan kami untuk telah berbicara.,Dia mengizinkan kami untuk telah bercakap.,He permitted us to have spoken.,Vamarasi 1999,138,8.9,Control/Raising,object control
643,ind,g,Ia memaksa saya untuk mengambilnya.,Dia memaksa saya untuk mengambilnya.,He forced me to take it.,constructed,nan,nan,*,Ia memaksa itu untuk saya mengambilnya. ,Dia memaksa itu untuk saya mengambilnya.,He forced that for me to take it.,Vamarasi 1999,140,8.23,Control/Raising,object control
644,ind,g,Ia memaksa saya untuk mengambilnya.,Dia memaksa saya untuk mengambilnya.,He forced me to take it.,constructed,nan,nan,*,Ia memaksa itu untuk saya mengambil.,Dia memaksa itu untuk saya mengambilnya.,He forced that for me to take.,Vamarasi 1999,140,8.23,Control/Raising,object control
646,ind,g,Pencuri memaksa dirinya untuk kami memberikan uang kepadanya.,Pencuri memaksa dirinya untuk kami memberinya wang.,The thief forced himself for us to give money to him.,constructed,nan,nan,*,Pencuri memaksa dirinya untuk kami memberikan uang.,Pencuri memaksa dirinya untuk kami memberi wang.,The thief forced himself for us to give money.,Vamarasi 1999 (adapted),140,8.24,Control/Raising,object control
140,zsm,g,Perlahan-lahan mereka menyangka mereka diperdaya olehnya.,Perlahan-lahan mereka menyangka mereka diperdaya olehnya.,They gradually started to suspect that they had been cheated by him/her.,Soh & Nomoto 2014 (adapted),164,42b,*,Perlahan-lahan mereka sangka mereka diperdaya olehnya.,Perlahan-lahan mereka sangka mereka diperdaya olehnya.,They gradually started to suspect that they had been cheated by him/her.,Soh & Nomoto 2014 (adapted),164,42b,Argument Structure,aspect
653,ind,g,Dia mau untuk berangkat besok.,Dia mahu untuk berangkat esok.,He wants to leave tomorrow.,Vamarasi 1999,144,8.35a,*,Dia telah untuk berangkat besok.,Dia telah untuk berangkat esok.,He already will leave tomorrow.,Vamarasi 1999,144,8.35b,Control/Raising,subject control
652,ind,g,Dia ingin untuk berangkat besok.,Dia ingin untuk berangkat esok.,He wants to leave tomorrow.,Vamarasi 1999,144,8.35a,*,Dia sudah untuk berangkat besok.,Dia sudah untuk berangkat esok.,He already will leave tomorrow.,Vamarasi 1999,144,8.35b,Control/Raising,subject control
2285,zsm,g,Dia tidak tahu langsung tentang selok belok perniagaan.,Dia tidak tahu langsung tentang selok-belok perniagaan.,He does not know anything about the ins and outs of business.,Zoraida 2006,74,11b,*,Dia tahu langsung tentang selok belok perniagaan.,Dia tahu langsung tentang selok-belok perniagaan.,He knows anything about the ins and outs of business.,Zoraida 2006,74,11e,NPI Licensing,NPI
660,ind,g,Dia perlu untuk berangkat besok.,Dia perlu untuk berangkat esok.,He needs to leave tomorrow.,Vamarasi 1999,144,8.35a,*,Dia boleh untuk berangkat besok.,Dia boleh untuk berangkat esok.,He may leave tomorrow.,Vamarasi 1999,144,8.35b,Control/Raising,subject control
661,ind,g,Dia mau untuk berangkat besok.,Dia mahu untuk berangkat esok.,He wants to leave tomorrow.,Vamarasi 1999,144,8.35a,*,Dia bisa untuk berangkat besok.,Dia boleh untuk berangkat esok.,He can leave tomorrow.,Vamarasi 1999,144,8.35b,Control/Raising,subject control
1175,ind,g,Tolong jatuhkan bola itu.,Tolong jatuhkan bola itu.,Please drop the ball!,Sukarno 2003,317,121a,*,Tolong menjatuhkan bola itu.,Tolong menjatuhkan bola itu.,Please drop the ball!,Sukarno 2003,317,121b,Morphology,voice
1178,ind,g,Tolong rokoknya dibelikan.,Tolong rokok itu dibelikan.,Please buy the cigarrete.,Sukarno 2003,317,122b,*,Tolong rokok dibelikan.,Tolong rokok dibelikan.,Please cigarette be bought!,Sukarno 2003,317,122b,Argument Structure,passive
670,ind,g,Saya menyukai anak lelaki itu.,Saya menyukai anak lelaki itu.,I like that person.,constructed,nan,nan,*,Saya menyuka anak lelaki itu.,Saya menyuka anak lelaki itu.,I like that boy.,Vamarasi 1999,147,8.45b,Argument Structure,applicative
671,ind,g,Dia suka baju itu.,Dia suka baju itu.,He likes the clothes.,constructed,nan,nan,*,Dia sukanya.,Dia sukanya.,He likes it/him.,Vamarasi 1999,147,8.46b,Misc./Unknown,pronoun
162,zsm,g,Saya dapat membeli tiket itu.,Saya dapat membeli tiket itu.,I got (managed) to buy the ticket.,Soh & Nomoto 2014,170,56a,*,Saya mendapat membeli tiket itu.,Saya mendapat membeli tiket itu.,I got (managed) to buy the ticket.,Soh & Nomoto 2014,170,56b,Morphology,part of speech
675,ind,g,Perawat hendak memandikannya.,Jururawat hendak memandikannya.,The nurse wanted to bathe him.,Vamarasi 1999,149,8.52,*,Perawat hendak akan memandikannya.,Jururawat hendak akan memandikannya.,The nurse wants to will bathe him.,Vamarasi 1999,152,8.77,Control/Raising,complementation
164,zsm,g,Tiket itu dapat dibeli.,Tiket itu dapat dibeli.,The ticket got bought.,Soh & Nomoto 2014,170,57a,*,Tiket itu mendapat dibeli.,Tiket itu mendapat dibeli.,The ticket got bought.,Soh & Nomoto 2014,170,57b,Morphology,part of speech
1194,ind,g,Buku itu sudah saya baca.,Buku itu sudah saya baca.,That book has been read by me.,Sukarno 2003,338,159a,*,Buku itu saya sudah membaca.,Buku itu saya sudah membaca.,That book has been read by me.,Sukarno 2003,338,159b,Argument Structure,passive
170,ind,g,Siti pikir Tono membeli buku di toko buku.,Siti fikir Tono membeli buku di kedai buku.,Siti thinks Tono bought a book at the book store.,"Cole, Hermon & Yanti 2008",1505,7,*,"Buku, Siti pikir Tono membeli di toko buku.","Buku, Siti fikir Tono membeli di kedai buku.","A book, Siti thinks Tono bought at the book store.","Cole, Hermon & Yanti 2008",1505,9,Filler-gap,topicalization
1196,ind,g,Kamu katakan kita membeli apa di mana?,Awak katakan kita membeli apa di mana?,What did you mention where we bought?,Sato & Yuliani 2008,273,3a,*,Apa yang kamu katakan di mana kita beli?,Apa yang awak katakan di mana saya beli?,What do you mention where we bought?,Sato & Yuliani 2008,273,2a,Island effects,wh- island
685,ind,g,Niko mau dibuatkan kue oleh anaknya.,Niko mahu dibuatkan kuih oleh anaknya.,Niko wants to be made a cake by his child.,Vamarasi 1999,151,8.66,*,Niko mau anaknya membuatkan kue untuk.,Niko mahu anaknya membuatkan kuih untuk.,Niko wants his child to make a cake for (him).,Vamarasi 1999,150,8.62,Control/Raising,subject control
683,ind,g,Pria tidak ingin disaingi isterinya.,Lelaki tidak ingin disaingi isterinya.,Men don't want to be competed against by their wives.,Vamarasi 1999,150,8.64,*,Pria tidak ingin isterinya menyaingi.,Lelaki tidak ingin isterinya menyaingi.,Men don't want their wives to compete (with them).,Vamarasi 1999,150,8.6,Control/Raising,subject control
2224,ind,g,Ada dua naskhah majalah di atas meja.,Ada dua naskhah majalah di atas meja.,There are two magazines on the table.,Nomoto 2013,114,31,*,Ada dua naskhah majalah itu di atas meja.,Ada dua naskhah majalah itu di atas meja.,There are the two magazines on the table.,Nomoto 2013,114,31,Argument Structure,internal argument
689,ind,g,Dia pergi untuk bisa bermain.,Dia pergi untuk dapat bermain.,He went to be able to play.,Vamarasi 1999,155,8.92,*,Dia pergi untuk sudah bermain.,Dia pergi untuk sudah bermain.,He went to be able already play.,Vamarasi 1999,155,8.92,Control/Raising,complementation
2225,zsm,g,Saya ingin membeli sebuah buku.,Saya ingin membeli sebuah buku.,I want to buy a book.,constructed,nan,nan,*,Saya ingin membeli buah buku.,Saya ingin membeli buah buku.,I want to buy a book.,Nomoto & Soh 2019,490,40,Quantifiers,classifier
2227,zsm,g,Dia juga nak ke sana.,Dia juga nak ke sana.,S/he also want to go there.,Nomoto & Soh 2019,498,67a,*,Dia juga nak ke.,Dia juga nak ke.,S/he also want to go there.,Nomoto & Soh 2019,498,67a,Ellipsis,nominal ellipsis
2228,zsm,g,Ali tidak suka pada mereka.,Ali tidak suka pada mereka.,Ali doesn't like them.,Nomoto & Soh 2019,498,67b,*,Ali tidak suka pada.,Ali tidak suka pada.,Ali doesn't like them.,Nomoto & Soh 2019,498,67b,Ellipsis,nominal ellipsis
181,ind,g,Anak itu selalu diberikan apa oleh ibunya?,Anak itu selalu diberi apa oleh ibunya?,What is always given to the child by his mother?,"Cole, Hermon & Yanti 2008",1511,31c,*,Apa yang anak itu selalu diberikan oleh ibunya?,Apa yang anak itu selalu diberi oleh ibunya?,What is always given to the child by his mother?,"Cole, Hermon & Yanti 2008",1511,31d,Filler-gap,wh- question
1205,ind,g,Esti membeli buku di mana?,Esti membeli buku di mana?,Where did Esti buy a book?,Sato & Yuliani 2008,284,33c,*,Esti membeli buku bagaimana? ,Esti membeli buku bagaimana?,How did Esti buy a book?,Sato & Yuliani 2008,284,33d,Filler-gap,wh- question
183,ind,g,Buku ini tidak akan kami baca.,Buku ini tidak akan kami baca.,This book will not be read by us.,"Cole, Hermon & Yanti 2008",1512,37a,*,Buku ini kami tidak akan baca.,Buku ini kami tidak akan baca.,This book will not be read by us.,"Cole, Hermon & Yanti 2008",1512,37b,Filler-gap,topicalization
184,ind,g,Kami tidak akan membaca buku ini.,Kami tidak akan membaca buku ini.,We will not read this book.,"Cole, Hermon & Yanti 2008",1512,38,*,Tidak akan kami membaca buku ini.,Tidak akan kami membaca buku ini.,We will not read this book.,"Cole, Hermon & Yanti 2008",1512,39,Misc./Unknown,verbal structure
693,ind,g,Jarinya terpotong gergaji.,Jarinya terpotong gergaji.,His finger has been cut with a saw.,Grangé 2013,68,21a,*,Jarinya dipotong gergaji.,Jarinya dipotong gergaji.,His finger has been cut by a saw.,Grangé 2013,69,21b,Argument Structure,animacy
2234,zsm,g,Dia ada tiga buah buku.,Dia ada tiga buah buku.,Sha has three books.,Carson 2000,7,15,*,Dia ada tiga buah buku-buku.,Dia ada tiga buah buku-buku.,Sha has three books.,Carson 2000,7,16,Morphology,inflection
187,ind,g,Buku yang tidak akan kami baca sangat menarik.,Buku yang tidak akan kami baca sangat menarik.,The book that we will not read is very interesting.,"Cole, Hermon & Yanti 2008",1513,42a,*,Buku yang kami tidak akan baca sangat menarik.,Buku yang kami tidak akan baca sangat menarik.,The book that we will not read is very interesting.,"Cole, Hermon & Yanti 2008",1513,42b,Filler-gap,relative clause
1212,zsm,g,Saya tahu namanya.,Saya tahu namanya.,I know his/her name.,Soh 2013,162,9a,*,Saya mengetahu namanya.,Saya mengetahu namanya.,I know his/her name.,Soh 2013,162,9b,Argument Structure,aspect
2236,zsm,g,Tiga ekor kuda panas.,Tiga ekor kuda itu demam.,The three horses have a fever.,Carson 2000 (adapted),13,27,*,Tiga kuda panas.,Tiga kuda itu demam.,The three horses have a fever.,Carson 2000 (adapted),13,26,Quantifiers,classifier
2238,zsm,g,Budak-budak itu memetik tiga buah rambutan.,Budak-budak itu memetik tiga biji rambutan.,The children are picking three rambutan fruits.,Carson 2000,37,41,*,Budak-budak itu memetik tiga buah-buah rambutan.,Budak-budak itu memetik tiga biji-biji rambutan.,The children are picking three rambutan fruits.,Carson 2000,37,42,Quantifiers,classifier
703,ind,g,Buku itu saya baca.,Buku itu saya baca.,"The book, I read.",Arka & Manning 1998,2,3a,*,Buku itu dibacaku.,Buku iti dibacaku.,I read the book.,Arka & Manning 1998,2,4a,Verbal Agreement,person constraint
2233,zsm,g,Budak-budak itu telah menerima empat buah hadiah.,Budak-budak itu telah menerima empat buah hadiah.,The children received four prizes.,Carson 2000,6,12,*,Budak-budak itu telah menerima empat buah-buah hadiah.,Budak-budak itu telah menerima empat buah-buah hadiah.,The children received four prizes.,Carson 2000,6,13,Quantifiers,classifier
2241,zsm,g,Saya pergi ke kedai untuk membeli lima helai sarung.,Saya pergi ke kedai untuk membeli lima helai sarung.,I'm going to the shop to buy five sarongs.,Carson 2000,89,15,*,Saya pergi ke kedai untuk membeli lima buah sarung.,Saya pergi ke kedai untuk membeli lima buah sarung.,I'm going to the shop to buy five sarongs.,Carson 2000,89,16,Quantifiers,classifier
2242,zsm,g,Ali menjual kereta sendiri.,Ali menjual kereta sendiri.,Ali sold his own car.,Nomoto 2015 (adapted),226,17,*,Ali menjual kereta saya sendiri.,Ali menjual kereta saya sendiri.,Ali sold my own car.,Nomoto 2015,226,19,Morphology,reflexive
707,ind,g,Saya yang menyerahkan diri saya ke polisi.,Saya yang menyerahkan diri saya ke polis.,It is me who surrendered myself to the police.,Arka & Manning 1998,3,5b,*,Diri saya yang saya menyerahkan ke polisi.,Diri saya yang saya menyerahkan ke polis.,It is myself that I surrendered to the police.,Arka & Manning 1998,3,5c,Binding,anaphor
2244,zsm,g,Ahmad fikir dirinya sendiri akan pergi ke KL besok.,Ahmad fikir dirinya sendiri akan pergi ke KL besok.,Ahmad thinks he himself will go to KL tomorrow.,Nomoto 2011,8,25a,*,Ahmad fikir diri akan pergi ke KL besok.,Ahmad fikir diri akan pergi ke KL besok.,Ahmad thinks he himself will go to KL tomorrow.,Nomoto 2011,8,25a,Morphology,reflexive
2245,zsm,g,Ahmad fikir dirinya sendiri akan pergi ke KL besok.,Ahmad fikir dirinya sendiri akan pergi ke KL besok.,Ahmad thinks he himself will go to KL tomorrow.,Nomoto 2011,8,25a,*,Ahmad fikir diri sendiri akan pergi ke KL besok.,Ahmad fikir diri sendiri akan pergi ke KL besok.,Ahmad thinks he himself will go to KL tomorrow.,Nomoto 2011,8,25a,Binding,anaphor
2246,zsm,g,Ali memukul dirinya.,Ali memukul dirinya.,Ali hit himself.,Nomoto 2011,8,25b,*,Ali memukul diri.,Ali memukul diri.,Ali hit himself.,Nomoto 2011,8,25b,Binding,anaphor
711,ind,g,Dirinya yang dia ajukan sebagai calon.,Dirinya yang dia ajukan sebagai calon.,It is himself that he nominated as a candidate.,Arka & Manning 1998,4,7a,??,Dirinya yang diajukan sebagai calon olehnya.,Dirinya yang diajukan sebagai calon olehnya.,It is himself that is nominated as a candidate by him/her.,Arka & Manning 1998,4,7b,Filler-gap,cleft
709,ind,g,Amir menyerahkan dirinya ke polisi.,Amir menyerahkan dirinya ke polis.,Amir surrendered himself to the police.,constructed,nan,nan,?*,Dirinya diserahkan ke polisi oleh Amir.,Dirinya diserahkan ke polis oleh Amir.,Himself was surrendered to the police by Amir.,Arka & Manning 1998,4,6a,Binding,anaphor
710,ind,g,Dirinya yang Amir ajukan sebagai calon.,Dirinya yang Amir ajukan sebagai calon.,It is himself that Amir nominated as a candidate.,Arka & Manning 1998 (adapted),4,7a,??,Dirinya diajukan sebagai calon oleh Amir.,Dirinya diajukan sebagai calon oleh Amir.,Self was nominated as a candidate.,Arka & Manning 1998,4,6b,Binding,anaphor
708,ind,g,Saya menyerahkan diri saya ke polisi.,Saya menyerahkan diri saya ke polis.,I surrendered myself to the police.,Arka & Manning 1998,3,5a,*,Diri saya menyerahkan saya ke polisi.,Diri saya menyerahkan saya ke polis.,Myself surrendered I to the police.,Arka & Manning 1998,3,5e,Binding,anaphor
2251,ind,g,Kemarin Budi meminjam buku kamu. Sekarang bukunya ada pada John.,Semalam Budi meminjam buku awak. Sekarang buku itu ada pada John.,"Yesterday Budi borrowed the book of yours. Now, the book is with John.",Kadaryanto 2010,40,42a,*,Kemarin Budi meminjam buku kamu. Sekarang buku ada pada John.,Semalam Budi meminjam buku awak. Sekarang buku ada pada John.,"Yesterday Budi borrowed the book of yours. Now, the book is with John.",Kadaryanto 2010,40,42a,Nominal Structure,modifier
712,ind,g,Dirinya yang dia ajukan sebagai calon.,Dirinya yang dia ajukan sebagai calon.,It is himself that he nominated as a candidate.,Arka & Manning 1998,4,7a,??,Dirinya yang diajukan sebagai calon oleh dia.,Dirinya yang diajukan sebagai calon oleh dia.,It is himself that is nominated as a candidate by him/her.,Arka & Manning 1998,4,7b,Binding,anaphor
1228,ind,g,Penolakan adalah perbuatan menolak.,Penolakan adalah perbuatan menolak.,Refusal means the action of refusing.,Grangé 2015,153,58,*,Ditolaknya adalah perbuatan menolak.,Ditolaknya adalah perbuatan menolak.,The fact that is refused means…,Grangé 2015 (adapted),153,59,Morphology,nominalization
1222,ind,g,Ditolaknya cabai Indonesia oleh pasar Taiwan memukul usaha ekspor cabai.,Ditolaknya cili Indonesia oleh pasar Taiwan menjejaskan usaha eksport cili.,(the fact that) Indonesian chilli is rejected by the Taiwan market hits the chilli export business hard.,Grangé 2015 (adapted),146,34,*,Pasar Taiwan menolaknya cabai Indonesia memukul usaha ekspor cabai.,Pasar Taiwan menolaknya cili Indonesia menjejaskan usaha eksport cili.,(the fact that) The Taiwan market rejects Indonesian chilli hits the chilli export business hard.,Grangé 2015,145,32,Morphology,nominalization
1223,ind,g,Ditolaknya cabai Indonesia oleh pasar Taiwan memukul usaha ekspor cabai.,Ditolaknya cili Indonesia oleh pasar Taiwan menjejaskan usaha eksport cili.,(the fact that) Indonesian chilli is rejected by the Taiwan market hits the chilli export business hard.,Grangé 2015 (adapted),146,34,*,Cabai Indonesia ditolaknya oleh pasar Taiwan memukul usaha ekspor cabai.,Cili Indonesia ditolaknya oleh pasar Taiwan menjejaskan usaha eksport cili.,(the fact that) Indonesian chilli is rejected by the Taiwan market hits the chilli export business hard.,Grangé 2015,146,33,Morphology,nominalization
1232,ind,g,Menurunnya Rupiah merugikan ekonomi Indonesia.,Menurunnya Rupiah merugikan ekonomi Indonesia.,The fact that Rupiah falls harms the Indonesian economy.,Grangé 2015,162,81,*,Bahwa Rupiah menurun itu merugikan ekonomi Indonesia.,Bahawa Rupiah menurun itu merugikan ekonomi Indonesia.,That Rupiah falls harms the Indonesian economy.,Grangé 2015,162,80,Morphology,nominalization
1233,ind,g,Menurunnya Rupiah merugikan ekonomi Indonesia.,Menurunnya Rupiah merugikan ekonomi Indonesia.,The fact that Rupiah falls harms the Indonesian economy.,Grangé 2015,162,81,*,Bahwa Rupiah menurun merugikan ekonomi Indonesia.,Bahawa Rupiah menurun merugikan ekonomi Indonesia.,That Rupiah falls harms the Indonesian economy.,Grangé 2015,162,80,Morphology,nominalization
722,ind,g,Dirinya yang dia serahkan ke polisi.,Dirinya yang dia serahkan ke polis.,It is herself/himself that (s)he surrendered to the police.,Arka & Manning 1998 (adapted),7,17c,*,Dirinya yang dia menyerahkan ke polisi.,Dirinya yang dia menyerahkan ke polis.,It is herself/himself that (s)he surrendered to the police.,Arka & Manning 1998,7,18b,Filler-gap,cleft
723,ind,g,Dia yang tidak ingat dengan dirinya.,Dia yang tidak ingat dengan dirinya.,(S)he did not remember herself/himself.,Arka & Manning 1998 (adapted),7,19a,*,Dengan dirinya yang dia tidak ingat.,Dengan dirinya yang dia tidak ingat.,(S)he did not remember herself/himself.,Arka & Manning 1998,7,19b,Filler-gap,cleft
2260,zsm,g,Faridah membeli baju itu untuk dirinya sendiri.,Faridah membeli baju itu untuk dirinya sendiri.,Faridah bought the clothes for herself.,Nomoto 2011 (adapted),8,25c,*,Faridah membeli baju itu untuk diriku sendiri.,Faridah membeli baju itu untuk diriku sendiri.,Faridah bought the clothes for herself.,Nomoto 2011 (adapted),8,25c,Morphology,reflexive
2261,zsm,g,Ali memukul dirinya sendiri.,Ali memukul dirinya sendiri.,Ali hit himself.,Nomoto 2011 (adapted),8,25b,*,Ali memukul dirimu sendiri.,Ali memukul dirimu sendiri.,Ali hit himself.,Nomoto 2011 (adapted),8,25b,Morphology,reflexive
2262,zsm,g,Faridah membeli baju itu untuk dirinya sendiri.,Faridah membeli baju itu untuk dirinya sendiri.,Faridah bought the clothes for herself.,Nomoto 2011 (adapted),8,25c,*,Faridah membeli baju itu untuk dirimu sendiri.,Faridah membeli baju itu untuk dirimu sendiri.,Faridah bought the clothes for herself.,Nomoto 2011 (adapted),8,25c,Morphology,reflexive
2263,zsm,g,Aku memukul diriku.,Aku memukul diriku.,I hit myself.,constructed,nan,nan,*,Aku memukul dirinya.,Aku memukul dirinya.,I hit myself.,Nomoto 2011 (adapted),8,25b,Morphology,reflexive
1239,ind,g,Adit bukan gurunya Udin.,Adit bukan guru Udin.,Adit is not Udin’s teacher.,Besier 2021,25,20,*,Adit bukan adalah gurunya Udin.,Adit bukan adalah guru Udin.,Adit is not Udin’s teacher.,Besier 2021,25,18,Misc./Unknown,copula
1236,ind,g,Adit masih gurunya Udin.,Adit masih guru Udin.,Adit is still Udin's teacher.,constructed,nan,nan,*,Adit masih adalah gurunya Udin.,Adit masih adalah guru Udin.,Adit is still Udin's teacher.,Besier 2021,24,12,Misc./Unknown,copula
2266,zsm,g,Kamu membeli baju itu untuk dirimu.,Kamu membeli baju itu untuk dirimu.,You bought the clothes for yourself.,Nomoto 2011 (adapted),8,25c,*,Kamu membeli baju itu untuk dirinya.,Kamu membeli baju itu untuk dirinya.,You bought the clothes for yourself.,Nomoto 2011 (adapted),8,25c,Morphology,reflexive
731,ind,g,Buku itu sudah dibaca oleh dia.,Buku itu sudah dibaca oleh dia.,The book was already read by him/her.,Arka & Manning 1998,10,24a,*,Buku itu sudah baca oleh dia.,Buku itu sudah baca oleh dia.,The book was already read by him/her.,Arka & Manning 1998,10,24b,Argument Structure,passive
2267,ind,g,Dirinya yang dia ajukan sebagai calon.,Dirinya yang dia ajukan sebagai calon.,It is himself that he nominated as a candidate.,Arka & Manning 1998,4,7a,*,Dirinya yang ajukan sebagai calon.,Dirinya yang ajukan sebagai calon.,It is himself that he nominated as a candidate.,Arka & Manning 1998 (adapted),4,7a,Binding,anaphor
2269,ind,g,Amir tertembak oleh dirinya sendiri.,Amir tertembak oleh dirinya.,Amir accidentally shot himself.,Arka & Manning 1998 (adapted),5,11a,*,Dirinya sendiri tertembak Amir.,Dirinya tertembak Amir.,Amir accidentally shot himself.,Arka & Manning 1998 (adapted),5,11b,Argument Structure,passive
1238,ind,g,Ini akan merupakan hal yang luar biasa.,Ini akan merupakan hal yang luar biasa.,This will be an extraordinary case.,Besier 2021,24,13,*,Ini akan adalah hal yang luar biasa.,Ini akan adalah hal yang luar biasa.,This will be an extraordinary case.,Besier 2021,24,13,Misc./Unknown,copula
1773,ind,g,Saya tidak mau pergi ke mana-mana.,Saya tidak mahu pergi ke mana-mana.,I do not want to go anywhere.,Sato 2016,245,7b,*,Saya tidak mau menangis kenapa-kenapa.,Saya tidak mahu menangis kenapa-kenapa.,I do not want to cry for any reason.,Sato 2016,245,7c,NPI Licensing,NPI
1248,ind,g,Dia adalah dokter.,Dia adalah doktor.,S/he is a doctor.,constructed,nan,nan,*,Dia akan dokter.,Dia akan doktor.,S/he will be a doctor.,Besier 2021,27,32,Misc./Unknown,copula
738,ind,g,"Orang itu, ayahnya mencari-cari kamu.","Orang itu, ayahnya mencari-cari awak.","The person, his/her father is looking for you.",Arka & Manning 1998,12,30a,?*,"Orang itu, kamu dicari-cari ayahnya.","Orang itu, awak dicari-cari ayahnya.","The person, you are wanted by his/her father.",Arka & Manning 1998,12,30c,Filler-gap,resumptive pronoun
741,ind,g,Itu terbuat dari kaca. Itu diterangi oleh lampu.,Itu diperbuat daripada kaca. Ia diterangi oleh lampu.,It is made of glass. It is lit by lamps.,constructed,nan,nan,*,Itu terbuat dari kaca. Ia diterangi oleh lampu.,Itu diperbuat daripada kaca. Itu diterangi oleh lampu.,It is made of glass. It is lit by lamps.,Moeljadi 2023,438,nan,Misc./Unknown,pronoun
1254,ind,g,Pacarnya Siskakah Adit?,Kekasih Siskakah Adit?,Is it the case that Adit is Siska’s boyfriend?,constructed,nan,nan,*,Adalah pacarnya Siskakah Adit?,Adalah kekasih Siskakah Adit?,Is it the case that Adit is Siska’s boyfriend?,Besier 2021,28,42,Misc./Unknown,focus
231,ind,g,Bukankah bagian kalimat ini mau ditegaskannya?,Bukankah bahagian ayat ini mahu ditekankannya?,Did he want to explain this part of the sentence?,Polinsky & Potsdam 2008,1627,38a,*,Bagian kalimat ini bukankah mau ditegaskannya?,Bahagian ayat ini bukankah mahu ditekankannya?,Did he want to explain this part of the sentence?,Polinsky & Potsdam 2008,1627,38b,Control/Raising,complementation
232,ind,g,Kamis ini bukankah Siti mau membeli buku itu?,Khamis ini bukankah Siti mahu membeli buku itu?,Does Siti want to buy that book on Thursday?,Polinsky & Potsdam 2008,1627,39b,*,Bukankah kamis ini Siti mau membeli buku itu?,Bukankah Khamis ini Siti mahu membeli buku itu?,Does Siti want to buy that book on Thursday?,Polinsky & Potsdam 2008,1627,39a,Control/Raising,complementation
742,ind,g,Mereka fokus pada pelajaran Bahasa Indonesia.,Mereka fokus pada pelajaran bahasa Melayu.,They focus on Indonesian language lessons.,constructed,nan,nan,*,Mereka fokus pada belajaran Bahasa Indonesia.,Mereka fokus pada belajaran bahasa Melayu.,They focus on Indonesian language lessons.,Moeljadi 2023,439,nan,Morphology,nominalization
746,ind,g,Di sana ada banyak rumah sakit/panjang.,Di sana ada banyak rumah panjang.,There are many {hospitals/long houses} there.,constructed,nan,nan,*,Di sana ada banyak rumah sakit-sakit/panjang-panjang.,Di sana ada banyak rumah panjang-panjang.,There are many {hospitals/long houses} there.,Moeljadi 2023 (adapted),439,nan,Morphology,inflection
745,ind,g,Dia membeli beberapa buku.,Dia membeli beberapa buku.,S/he bought several books.,constructed,nan,nan,*,Dia membeli beberapa buku-buku.,Dia membeli beberapa buku-buku.,S/he bought several books.,Moeljadi 2023,439,nan,Morphology,inflection
1256,ind,g,Sukarno adalah presiden Indonesia yang pertama.,Sukarno adalah presiden Indonesia yang pertama.,Sukarno was the first president of Indonesia.,Besier 2021,32,59,*,Sukarno presiden Indonesia yang pertama.,Sukarno presiden Indonesia yang pertama.,Sukarno was the first president of Indonesia.,Besier 2021,32,59,Misc./Unknown,copula
749,ind,g,"Kalau mau makan, nasinya di meja.","Kalau nak makan, nasi di atas meja.","If you want to eat, the rice is on the table.",constructed,nan,nan,*,"Kalau mau makan, nasi itu di meja.","Kalau nak makan, nasi itu di atas meja.","If you want to eat, the rice is on the table.",Moeljadi 2023,439,nan,Nominal Structure,modifier
238,ind,g,Rumah itu akan saya jual.,Rumah itu akan saya jual.,"The house, I will sell.",Aldridge 2008,1451,25a,*,Rumah itu saya akan jual.,Rumah itu saya akan jual.,"The house, I will sell.",Aldridge 2008,1451,25b,Morphology,topicalization
750,ind,g,"Saya ingin makan, tetapi nasinya sudah habis.","Saya ingin makan, tetapi nasi sudah habis.","I want to eat, but the rice is finished.",constructed,nan,nan,*,"Saya ingin makan, tetapi nasi sudah habis.","Saya ingin makan, tetapi nasi itu sudah habis.","I want to eat, but the rice is finished.",Moeljadi 2023,439,nan,Nominal Structure,modifier
240,ind,g,Gadis cantik itu ditontonnya.,Gadis cantik itu diperhatikannya.,He watched that beautiful girl.,Donohue 2008 (adapted),1475,18,*,Gadis cantik itu ditontonku.,Gadis cantik itu diperhatikanku.,I watched that beautiful girl.,Donohue 2008 (adapted),1475,22,Verbal Agreement,person constraint
241,ind,g,Gadis cantik itu saya tonton.,Gadis cantik itu saya perhatikan.,I watched that beautiful girl.,Donohue 2008 (adapted),1475,23b,*,Gadis cantik itu ditonton oleh saya.,Gadis cantik itu diperhatikan oleh saya.,I watched that beautiful girl.,Donohue 2008 (adapted),1475,21,Verbal Agreement,person constraint
752,ind,g,Ada empat patung emas yang berbaris.,Ada empat patung emas yang berbaris di atas meja.,There are four golden statues lined up on the table.,constructed,nan,nan,*,Ada empat patung emas berbaris.,Ada empat patung emas berbaris di atas meja.,There are four golden statues lined up on the table.,Moeljadi 2023 (adapted),439,nan,Nominal Structure,modifier
751,ind,g,Alat musiknya bagus sekali.,Alat muziknya sangat bagus.,The/His/Her musical instrument is very good.,constructed,nan,nan,*,Alatnya musiknya bagus sekali.,Alatnya muziknya sangat bagus.,The/His/Her musical instrument is very good.,Moeljadi 2023,439,nan,Nominal Structure,modifier
1780,ind,g,"Esti bilang seseorang politisi terkenal tertentu tinggal di rumah tertentu di lingkungannya, tapi saya sudah lupa siapa di rumah yang mana.","Esti kata seorang ahli politik terkenal tertentu tinggal di rumah tertentu di kawasannya, tapi saya sudah lupa siapa di rumah yang mana.","Esti said that a famous politician lives in a certain house in her neighborhood, but I already forgot who in which house.",Sato 2016,253,33,*,"Esti bilang seseorang politisi terkenal tertentu datang ke rumahnya untuk beberapa alasan, tapi saya sudah lupa siapa kenapa.","Esti kata seorang ahli politik terkenal tertentu datang ke rumahnya untuk beberapa alasan, tapi saya sudah lupa siapa kenapa.","Esti said that a famous politician came to her house for some reason, but I already forgot who why.",Sato 2016,253,34,Ellipsis,sluicing
1269,zsm,g,Jadilah seorang guru!,Jadilah seorang guru!,Become a teacher!,Amir Rahid 2018 (adapted),30,16b,*,Ialah seorang guru!,Ialah seorang guru!,Be a teacher!,Amir Rahid 2018,30,16a,Misc./Unknown,focus
758,ind,g,Saya akan mendeskripsikan rumah saya.,Saya akan menerangkan rumah saya.,I will describe my house.,constructed,nan,nan,*,Saya akan deskripsi rumah saya.,Saya akan terang rumah saya.,I will describe my house.,Moeljadi 2023,440,nan,Morphology,part of speech
755,ind,g,Saya sangat ingin makan soto.,Saya sangat teringin makan soto.,I really want to eat soto.,constructed,nan,nan,*,Saya sangat ingin untuk makan soto.,Saya sangat teringin untuk makan soto.,I really want to eat soto.,Moeljadi 2023,439,nan,Control/Raising,complementation
248,ind,g,Siapa wanita yang rumahnya saya kunjungi?,Siapa wanita yang rumahnya saya kunjungi?,Who is the woman whose house I visited?,Chung 2008,1571,29c,*,Siapa wanita yang saya mengunjungi rumahnya?,Siapa wanita yang saya mengunjungi rumahnya?,Who is the woman whose house I visited?,Chung 2008,1571,30a,Filler-gap,resumptive pronoun
249,ind,g,Inilah orang yang hendak kita naikkan layang-layangnya.,Inilah orang yang hendak kita naikkkan layang-layangnya.,Here is the person whose kite we're going to fly.,Chung 2008,1572,31c,*?,Inilah orang yang kita hendak naikkan layang-layangnya.,Inilah orang yang kita hendak naikkan layang-layangnya.,Here is the person whose kite we're going to fly.,Chung 2008,1572,30b,Filler-gap,resumptive pronoun
760,ind,g,Saya pergi mengunjungi rumah paman.,Saya pergi mengunjungi rumah pak cik.,I went to visit my uncle's house.,constructed,nan,nan,*,Saya pergi berkunjung mengunjungi rumah paman.,Saya pergi berkunjung mengunjungi rumah pak cik.,I went to visit my uncle's house.,Moeljadi 2023,440,nan,Misc./Unknown,verbal structure
763,ind,g,Itu mudah untuk dimasak ketika Anda lapar.,Itu mudah untuk dimasak apabila anda lapar.,That's easy to cook when you're hungry.,constructed,nan,nan,*,Mudah untuk dimasak ketika Anda lapar.,Mudah untuk dimasak apabila anda lapar.,That's easy to cook when you're hungry.,Moeljadi 2023,440,nan,Misc./Unknown,pronoun
252,ind,g,Dia anak yang sudah sering kali Ali memukulnya.,Dia kanak-kanak yang sudah sering kali Ali memukulnya.,He is the boy that Ali has already beaten so often.,Chung 2008 (adapted),1575,37a,*,Dia anak yang dua hari yang lalu Ali memukulnya.,Dia kanak-kanak yang dua hari yang lalu Ali memukulnya.,He is the boy that Ali beat two days ago.,Chung 2008 (adapted),1575,37b,Filler-gap,resumptive pronoun
1272,zsm,g,Lantai sudah bersih.,Lantai sudah bersih.,The floor is now clean.,Amir Rahid 2018,32,20a,*,Lantai sudah adalah bersih.,Lantai sudah adalah bersih.,The floor is now clean.,Amir Rahid 2018,32,20a,Misc./Unknown,copula
2294,zsm,g,Ali tidak pandai bercakap bahasa Jepun sepatah pun.,Ali tidak pandai bercakap bahasa Jepun sepatah pun.,Ali does not know how to speak even a single word of Japanese.,Zoraida 2006,78,27a,*,Ali pandai bercakap bahasa Jepun sepatah pun.,Ali pandai bercakap bahasa Jepun sepatah pun.,Ali knows how to speak even a single word of Japanese.,Zoraida 2006,78,27b,NPI Licensing,NPI
2295,zsm,g,Dia tidak mengalihkan sedikit pun matanya.,Dia tidak mengalihkan sedikit pun matanya.,He didn't move his eyes even slightly.,Zoraida 2006,79,30a,*,Dia mengalihkan sedikit pun matanya.,Dia mengalihkan sedikit pun matanya.,He move his eyes even slightly.,Zoraida 2006,79,30b,NPI Licensing,NPI
2298,zsm,g,Mereka tidak berganjak sedikit pun dari tempat masing-masing.,Mereka tidak berganjak sedikit pun dari tempat masing-masing.,They did not move a bit from their respective places.,Zoraida 2006,79,31a,*,Mereka tidak berganjak sedikit dari tempat masing-masing.,Mereka tidak berganjak sedikit dari tempat masing-masing.,They did not move a bit from their respective places.,Zoraida 2006,79,31c,NPI Licensing,NPI
769,zsm,g,Kamu sayang perempuan yang telah berjumpa siapa?,Kamu sayang perempuan yang telah berjumpa dengan siapa?,You love the woman who met who?,Cole & Hermon 1998 (adapted),228,13b,*,Dengan siapa kamu sayang perempuan yang telah berjumpa?,Dengan siapa kamu sayang perempuan yang telah berjumpa?,You love the woman who met who?,Cole & Hermon 1998,227,7b,Island effects,complex-NP island
770,zsm,g,Yang Ali mengahwini siapa mengecewakan ibunya?,Yang Ali mengahwini siapa mengecewakan ibunya?,Who that Ali married upset his mother?,Cole & Hermon 1998,228,14,*,Siapa yang Ali mengahwini mengecewakan ibunya?,Siapa yang Ali mengahwini mengecewakan ibunya?,Who did that Ali married upset his mother?,Cole & Hermon 1998,227,8,Island effects,subject island
771,zsm,g,Ali dipecat kerana dia membeli apa?,Ali dipecat kerana dia membeli apa?,Ali was fired because Fatimah thinks he bought what?,Cole & Hermon 1998 (adapted),228,15,*,Apa yang Ali dipecat kerana dia beli?,Apa yang Ali dipecat kerana dia beli?,Ali was fired because he bought what?,Cole & Hermon 1998,227,9,Island effects,adjunct island
772,zsm,g,Ali dipecat kerana dia membeli apa?,Ali dipecat kerana dia membeli apa?,Ali was fired because Fatimah thinks he bought what?,Cole & Hermon 1998 (adapted),228,15,*,Apa Ali dipecat kerana dia beli?,Apa Ali dipecat kerana dia beli?,Ali was fired because he bought what?,Cole & Hermon 1998,227,9,Island effects,adjunct island
773,zsm,g,Awak agak di mana Mary membeli apa?,Awak agak di mana Mary membeli apa?,What do you wonder where Mary bought?,Cole & Hermon 1998,228,16a,*,Apa yang awak agak di mana Mary beli?,Apa yang awak agak di mana Mary beli?,What do you wonder where Mary bought?,Cole & Hermon 1998,227,10a,Island effects,wh- island
774,zsm,g,Awak agak di mana Mary membeli apa?,Awak agak di mana Mary membeli apa?,What do you wonder where Mary bought?,Cole & Hermon 1998,228,16a,*,Apa awak agak di mana Mary beli?,Apa awak agak di mana Mary beli?,What do you wonder where Mary bought?,Cole & Hermon 1998,227,10a,Island effects,wh- island
2307,zsm,g,Kalau tidak bercuti tidak sempat saya buat kerja ini.,"Kalau tidak bercuti, tidak sempat saya buat kerja ini.","If I didn't have a vacation, I wouldn't have time to do this work.",Zoraida 2006,82,54,*,Kalau tidak bercuti bukan sempat saya buat kerja ini.,"Kalau tidak bercuti, bukan sempat saya buat kerja ini.","If I didn't have a vacation, I wouldn't have time to do this work.",Zoraida 2006,82,54,Misc./Unknown,negation
2303,zsm,g,Paling kurang 5 orang telah berjaya ke menara gading.,Paling kurang 5 orang telah berjaya ke menara gading.,At least 5 people have made it to the ivory tower.,Zoraida 2006,81,40a,*,Paling 5 orang telah berjaya ke menara gading.,Paling 5 orang telah berjaya ke menara gading.,At least 5 people have made it to the ivory tower.,Zoraida 2006,81,40b,Morphology,idiom
2313,ind,g,Siapa yang adik baca bukunya?,Siapa yang adik baca bukunya?,Who is it that brother is reading (her) book,Jeoung 2020a,121,29,*,Siapa yang adik baca buku?,Siapa yang adik baca buku?,Who is it that brother is reading (her) book,Jeoung 2020a,121,29,Filler-gap,resumptive pronoun
2314,ind,g,Siapa yang rumahnya diratakan kemarin?,Siapa yang rumahnya dimusnahkan semalam?,Whose house was destroyed yesterday?,Jeoung 2020a,121,28,*,Siapa yang rumah diratakan kemarin?,Siapa yang rumah dimusnahkan semalam?,Whose house was destroyed yesterday?,Jeoung 2020a,121,28,Filler-gap,resumptive pronoun
779,zsm,g,Kamu gembira yang Bill belajar apa?,Kamu gembira yang Bill belajar apa?,What are you happy that Bill studies?,Cole & Hermon 1998,229,18,??,Apa yang kamu gembira yang Bill belajar?,Apa yang kamu gembira yang Bill belajar?,What are you happy that Bill studies?,Cole & Hermon 1998,228,12b,Island effects,factive island
2316,ind,g,Promosi akan saya dapat.,Kenaikan pangkat akan saya dapat.,I will get a promotion.,Jeoung 2020b,e161,21,*,Promosi perlu saya dapat.,Kenaikan pangkat perlu saya dapat.,I need to get a promotion.,Jeoung 2020b,e161,25,Morphology,part of speech
1293,zsm,g,Buku itu sudah dibacanya.,Buku itu sudah dibacanya.,The book was already read by him/her.,constructed,nan,nan,*,Buku itu sudah mendibacanya.,Buku itu sudah mendibacanya.,The book was already read by him/her.,Nomoto 2013,139,47a,Morphology,voice
781,zsm,g,Orang itu yang saya tanya bekerja di mana ialah abang saya,Orang itu yang saya tanya bekerja di mana ialah abang saya,The person who I asked where he worked is my brother.,Cole & Hermon 1998,230,21a,*,Orang itu yang saya tanya di mana bekerja ialah abang saya.,Orang itu yang saya tanya di mana bekerja ialah abang saya.,The person who I asked where he worked is my brother.,Cole & Hermon 1998,230,20a,Island effects,wh- island
782,zsm,g,Lelaki yang kamu tanya beli apa ialah abang saya.,Lelaki yang kamu tanya beli apa ialah abang saya.,The man who you asked bought what is my brother.,Cole & Hermon 1998,230,21b,*,Lelaki yang kamu tanya apa beli ialah abang saya.,Lelaki yang kamu tanya apa beli ialah abang saya.,The man who you asked bought what is my brother.,Cole & Hermon 1998,230,20b,Island effects,wh- island
2318,ind,g,Kopi Nescafe tidak pernah kuminum.,Kopi Nescafe tidak pernah kuminum.,I have never drunk Nescafé coffee.,Jeoung 2020b,e161,23,*,Kopi Nescafe lupa kuminum.,Kopi Nescafe lupa kuminum.,I forgot to drink Nescafé coffee.,Jeoung 2020b,e161,27,Morphology,part of speech
785,zsm,g,Siapa Bill beritahu ibunya yang menyintai Fatimah?,Siapa Bill beritahu ibunya yang menyintai Fatimah?,Who does Bill tell his mother that loves Fatimah?,Cole & Hermon 1998,232,27a,*,Siapa Bill memberitahu ibunya yang menyintai Fatimah?,Siapa Bill memberitahu ibunya yang menyintai Fatimah?,Who does Bill tell his mother that loves Fatimah?,Cole & Hermon 1998,232,27a,Filler-gap,wh- question
2322,ind,g,Promosi akan saya dapat.,Kenaikan pangkat akan saya dapat.,I will get a promotion.,Jeoung 2020b,e161,21,*,Promosi suka saya dapat.,Kenaikan pangkat suka saya dapat.,I need to get a promotion.,Jeoung 2020b,e164,36,Morphology,part of speech
2319,ind,g,Kopi Nescafe tidak pernah kuminum.,Kopi Nescafe tidak pernah kuminum.,I have never drunk Nescafé coffee.,Jeoung 2020b,e161,23,*,Kopi Nescafe mulai kuminum.,Kopi Nescafe mula kuminum.,I began to drink Nescafé coffee.,Jeoung 2020b,e161,27,Morphology,part of speech
788,zsm,g,Siapa Ali buktikan yang curi kereta?,Siapa Ali buktikan yang curi kereta?,Who did Ali prove stole the car?,Cole & Hermon 1998,232,27b,*,Siapa Ali membuktikan yang curi kereta?,Siapa Ali membuktikan yang curi kereta?,Who did Ali prove stole the car?,Cole & Hermon 1998,232,27b,Filler-gap,wh- question
2317,ind,g,Banyak film romantis sudah kutonton.,Banyak filem romantik sudah kutonton.,I have watched many romantic films.,Jeoung 2020b,e161,22,*,Banyak film romantis setuju kutonton.,Banyak filem romantik setuju kutonton.,I agreed to watch many romantic films.,Jeoung 2020b,e161,26,Morphology,part of speech
2323,ind,g,Mereka pelajar.,Mereka pelajar.,They are students.,Nomoto 2013,113,28a,*,Mereka pelajar-pelajar.,Mereka pelajar-pelajar.,They are students.,Nomoto 2013,113,28a,Morphology,inflection
280,zsm,g,Anjing yang tidur di atas bangku itu anjing saya.,Anjing yang tidur di atas bangku itu anjing saya.,The dog that sleeps on the bench is my dog.,Yeoh 1979,34,53a,*,Anjing yang di atas bangku tidur itu anjing saya.,Anjing yang di atas bangku tidur itu anjing saya.,The dog that on the bench sleeps is my dog.,Yeoh 1979,34,53b,Argument Structure,scrambling
793,zsm,g,Fatimah yang Ali cintai.,Fatimah yang Ali cintai.,It’s Fatimah who Ali loves.,Cole & Hermon 1998,233,30b,*,Fatimah yang Ali mencintai.,Fatimah yang Ali mencintai.,It’s Fatimah who Ali loves.,Cole & Hermon 1998,233,30b,Filler-gap,cleft
792,zsm,g,Buku ini yang Fatimah beli.,Buku ini yang Fatimah beli.,This is the book that Fatimah bought.,Cole & Hermon 1998,233,30a,*,Buku ini yang Fatimah membeli.,Buku ini yang Fatimah membeli.,This is the book that Fatimah bought.,Cole & Hermon 1998,233,30a,Filler-gap,cleft
768,ind,g,Kamu fikir Ali suka perempuan yang tinggal di mana?,Kamu fikir Ali suka perempuan yang tinggal di mana?,You think Ali likes the woman who lives where?,Cole & Hermon 1998,228,13a,*,Di mana kamu fikir Ali suka perempuan yang tinggal?,Di mana kamu fikir Ali suka perempuan yang tinggal?,You think Ali likes woman who lives where?,Cole & Hermon 1998,227,7a,Island effects,complex-NP island
1308,ind,g,Saya menyuruh dia makan.,Saya menyuruh dia makan.,I asked him to eat.,Arka 2013,28,12b,*,Saya menyuruh dia sudah makan.,Saya menyuruh dia sudah makan.,I asked him to already eat.,Arka 2013,28,12c,Control/Raising,object control
1309,ind,g,Saya menyuruh dia makan.,Saya menyuruh dia makan.,I asked him to eat.,Arka 2013,28,12b,*,Saya menyuruh dia sedang makan.,Saya menyuruh dia sedang makan.,I asked him to be eating.,Arka 2013,28,12c,Control/Raising,object control
798,zsm,g,Apa yang kamu fikir Ali beli di mana?,Apa yang kamu fikir Ali beli di mana?,What do you think Ali bought where?,Cole & Hermon 1998,230,22,*,Di mana kamu fikir apa yang Ali beli?,Di mana kamu fikir apa yang Ali beli?,Where do you think what did Ali buy?,Cole & Hermon 1998,236,38,Island effects,wh- island
799,zsm,g,Apa kamu fikir Ali beli di mana?,Apa kamu fikir Ali beli di mana?,What do you think Ali bought where?,Cole & Hermon 1998,230,22,*,Di mana kamu fikir apa Ali beli?,Di mana kamu fikir apa Ali beli?,Where do you think what did Ali buy?,Cole & Hermon 1998,236,38,Island effects,wh- island
288,zsm,g,Surat itu sudah kuambil.,Surat itu sudah kuambil.,The letter has been taken by me.,constructed,nan,nan,*,Surat itu sudah diambil oleh aku.,Surat itu sudah diambil oleh aku.,The letter has been taken by me.,Yeoh 1979,53,84',Verbal Agreement,person constraint
800,zsm,g,Kamu gembira yang Bill belajar apa?,Kamu gembira yang Bill belajar apa?,You are happy that Bill studies what?,Cole & Hermon 1998,229,18,*,Kamu gembira bagaimana yang Bill belajar?,Kamu gembira bagaimana yang Bill belajar?,You are happy that Bill studies how?,Cole & Hermon 1998,236,39,Island effects,factive island
1310,ind,g,Orang itu mendorong saya jatuh.,Orang itu menolak saya jatuh.,The person pushed me (and as a result I) fell off.,Arka 2013,28,13a,*,Orang itu medorong saya akan jatuh.,Orang itu menolak saya akan jatuh.,The person pushed me (and as a result I) would fall off.,Arka 2013,28,13b,Misc./Unknown,verbal structure
2296,zsm,g,Dia tidak mengalihkan sedikit pun matanya.,Dia tidak mengalihkan sedikit pun matanya.,He didn't move his eyes even slightly.,Zoraida 2006,79,30a,*,Dia tidak mengalihkan sedikit matanya.,Dia tidak mengalihkan sedikit matanya.,He didn't move his eyes even slightly.,Zoraida 2006,79,30c,NPI Licensing,NPI
808,zsm,g,Siapa tidak mau coklat payung?,Siapa tidak mau coklat payung?,Who does not want an umbrella chocolate?,constructed,nan,nan,*,Siapa bukan mau coklat payung?,Siapa bukan mau coklat payung?,Who does not want an umbrella chocolate?,"Cole, Hermon & Tjung 2005",574,55a,Misc./Unknown,negation
809,ind,g,"Ali berdansa dengan Fatimah kemarin, tapi saya tidak ingat dengan siapa lagi.","Ali menari dengan Fatimah semalam, tetapi saya tidak ingat dengan siapa lagi.","Ali danced with Fatimah yesterday, but I don't remember who else with.",Sato 2011 (adapted),348,18a,*,"Ali berdansa dengan Fatimah kemarin, tapi saya tidak ingat dengan siapa itu lagi.","Ali menari dengan Fatimah semalam, tetapi saya tidak ingat dengan siapa itu lagi.","Ali danced with Fatimah yesterday, but I don't remember who else with.",Sato 2011 (adapted),348,18b,Ellipsis,sluicing
811,ind,g,Teman yang saya ingin menjelaskan masalah ini kepadanya ada di sini.,Kawan yang saya ingin menjelaskan masalah ini kepadanya ada di sini.,The friend to whom I wanted to explain this problem is here.,constructed,nan,nan,*,Teman yang saya menjelaskan masalah ini kepadanya ada di sini.,Kawan yang saya menjelaskan masalah ini kepadanya ada di sini.,The friend to whom I explained this problem is here.,Verhaar 1983 (adapted),56,59,Filler-gap,relative clause
813,ind,g,Mereka ada rapat.,Mereka ada mesyuarat.,They have a meeting.,Moeljadi 2011,127,7e,*,Mereka ada rapatnya.,Mereka ada mesyuaratnya.,They have a meeting.,Moeljadi 2011,127,7f,Nominal Structure,modifier
2299,zsm,g,Mereka tidak makan apa-apa sejak pagi tadi.,Mereka tidak makan apa-apa sejak pagi tadi.,They haven't eaten anything since this morning.,Zoraida 2006,80,32b,*,Mereka makan apa-apa sejak pagi tadi.,Mereka makan apa-apa sejak pagi tadi.,They have eaten anything since this morning.,Zoraida 2006,80,32c,NPI Licensing,NPI
309,zsm,g,Kain awak jual.,Kain awak jual.,Cloth you sold.,Yeoh 1979,65,113,*,Kain awak menjual.,Kain awak menjual.,Cloth you sold.,Yeoh 1979,73,142,Filler-gap,topicalization
1333,ind,g,Kapan belinya?,Bila belinya?,When did you buy it?,Arka 2013,34,35a,*,Kapan akan belinya?,Bila akan belinya?,When will you buy it?,Arka 2013,35,35b,Morphology,nominalization
1335,ind,g,Kapan lahirnya?,Bila lahirnya?,When was s/he born?,Arka 2013,35,36a,*,Kapan akan lahirnya?,Bila akan lahirnya?,When will s/he be born?,Arka 2013,35,36b,Morphology,nominalization
1338,ind,g,Dia tidur.,Dia tidur.,S/he is sleeping.,Arka 2013,37,44a,*,Dia adalah tidur.,Dia adalah tidur.,S/he is sleeping.,Arka 2013,37,44b,Misc./Unknown,copula
317,zsm,g,Orang lelaki itu saya bunuh.,Orang lelaki itu saya bunuh.,That man was killed by me.,Yeoh 1979,80,150a,*,Orang lelaki itu saya akan bunuh.,Orang lelaki itu saya akan bunuh.,"That man, I will kill.",Yeoh 1979,80,150b,Filler-gap,topicalization
318,zsm,g,Dia sudah menangkap ikan merah itu.,Dia sudah menangkap ikan merah itu.,He/She has caught the red fish.,Yeoh 1979,76,148a,*,Dia sudah tangkap ikan merah itu.,Dia sudah tangkap ikan merah itu.,He/She has caught the red fish.,Yeoh 1979,76,148b,Morphology,voice
2292,zsm,g,Seorang kuli menggergaji kayu datang.,Seorang tukang kayu datang.,A woodcutter came.,constructed,nan,nan,*,Kuli menggergaji kayu datang seorang.,Tukang kayu seorang datang.,A woodcutter came.,Zoraida 2006 (adapted),78,25c,Quantifiers,floating quantifiers
1284,ind,g,Ayah tentu akan kuobati.,Ayah tentu akan kuubati.,I certainly will treat father.,constructed,nan,nan,?*,Ayah tentu kuakan obati.,Ayah tentu kuakan ubati.,I certainly will treat father.,Nomoto 2022,355,36b,Argument Structure,passive
1350,ind,g,Siapa yang kamu buktikan telah mencuri mobil?,Siapa yang awak buktikan telah mencuri kereta?,Who did you prove stole the car?,"Cole, Hermon & Yanti 2008 (adapted)",1514,44b,*,Siapa yang kamu membuktikan telah mencuri mobil?,Siapa yang awak membuktikan telah mencuri kereta?,Who did you prove stole the car?,"Cole, Hermon & Yanti 2008 (adapted)",1514,44b,Filler-gap,wh- question
777,zsm,g,Siapa Ali tidak fikir Fatimah suka?,Siapa Ali tidak fikir Fatimah suka?,Who does Ali not think that Fatimah likes?,Cole & Hermon 1998,228,11a,*,Kenapa Ali tidak fikir Fatimah dipecat?,Kenapa Ali tidak fikir Fatimah dipecat?,Why did Ali not think Fatimah was fired?,Cole & Hermon 1998,228,11b,Island effects,negative island
2304,zsm,g,Paling tidak mereka mesti singgah ke rumah saya.,Paling tidak mereka mesti singgah ke rumah saya.,At least they must stop by my house.,Zoraida 2006,81,41a,*,Paling mereka mesti singgah ke rumah saya.,Paling mereka mesti singgah ke rumah saya.,At least they must stop by my house.,Zoraida 2006,81,41b,Morphology,idiom
778,zsm,g,Siapa yang Ali tidak fikir Fatimah suka?,Siapa yang Ali tidak fikir Fatimah suka?,Who does Ali not think that Fatimah likes?,Cole & Hermon 1998,228,11a,?,Ali tidak fikir Fatimah suka siapa?,Ali tidak fikir Fatimah suka siapa?,Who does Ali not think that Fatimah likes?,Cole & Hermon 1998,229,17,Island effects,negative island
333,zsm,g,Buku itu telah awak baca.,Buku itu telah awak baca.,The book has been read by you.,Yeoh 1979,85,157'c,*,Buku itu awak telah baca.,Buku itu awak telah baca.,The book has been read by you.,Yeoh 1979,85,157'e,Argument Structure,passive
334,zsm,g,Awak telah membaca buku itu.,Awak telah membaca buku itu.,You have read the book.,Yeoh 1979,85,157'a,*,Awak telah baca buku itu.,Awak telah baca buku itu.,You have read the book.,Yeoh 1979,85,157'd,Morphology,voice
852,ind,g,TimTim dikirimi oleh Helen Clark tentara yang kuat.,Timor Leste dihantari oleh Helen Clark tentera yang kuat.,East Timor was sent by Helen Clark a strong troop.,Sukarno 2003,32,29b,*,Tentara yang kuat dikirimi oleh Helen Clark ke TimTim.,Tentera yang kuat dihantari oleh Helen Clark ke Timor Leste.,A strong troop was sent by Helen Clark to East Timor.,Sukarno 2003,33,31a,Argument Structure,applicative
866,ind,g,Sebutir kelapa jatuh di atas atap rumah.,Sebiji kelapa jatuh di atas bumbung rumah.,A coconut fell on the roof.,Sukarno 2003,35,35a,*,Sebutir kelapa menjatuhi di atas atap rumah.,Sebiji kelapa menjatuhi ke atas bumbung rumah.,?A coconut fell the roof.,Sukarno 2003,35,35b,Argument Structure,transitivity
356,zsm,g,Engkau mahu surat itu kautandatangani.,Engkau mahu surat itu kautandatangani.,You wanted the letter to be signed by you.,Yeoh 1979,95,169a',*,Engkau mahu surat itu tandatangani.,Engkau mahu surat itu tandatangani.,You wanted the letter signed.,Yeoh 1979,95,169b',Argument Structure,passive
872,ind,g,Saya menembakkan peluru karet ke arah sheriff itu tiga kali.,Saya menembakkan peluru getah ke arah syerif itu tiga kali.,I shot (off/with) rubber bullets at the sheriff three times.,Sukarno 2003,40,41b,*,Saya menembakkan ke arah sheriff itu tiga kali.,Saya menembakkan ke arah syerif itu tiga kali.,I shot (with) (pro) at the sheriff three times.,Sukarno 2003,40,41b',Ellipsis,nominal ellipsis
1899,ind,g,Siapa yang adik baca bukunya?,Siapa yang adik baca bukunya?,Who is it that little brother is reading (her) book?,Jeoung 2018,126,33,*,Siapa yang adik membaca bukunya?,Siapa yang adik membaca bukunya?,Who is it that little brother is reading (her) book?,Jeoung 2018,126,33,Morphology,voice
876,ind,g,Terry menyapu bersih lantai itu.,Terry menyapu bersih lantai itu.,Terry broomed clean the floor.,Sukarno 2003,56,17e,*,Terry menyapu lanlai itu bersih.,Terry menyapu lantai itu bersih.,Terry broomed that floor clean.,Sukarno 2003,56,17e',Misc./Unknown,verbal structure
1901,ind,g,Di sekolahnya Dodi aku mau rapat.,Di sekolah Dodi aku ingin mesyuarat.,At Dodi’s school I want to meet.,Jeoung 2018,129,41,*,Di sekolahnya Dodi yang aku mau rapat.,Di sekolah Dodi yang aku ingin mesyuarat.,At Dodi’s school I want to meet.,Jeoung 2018,129,41,Filler-gap,cleft
1903,ind,g,Siapa yang bukunya dibaca oleh adik?,Siapa yang bukunya dibaca oleh adik?,Who is it that (her) book was read by little brother?,Jeoung 2018,138,64,*,Siapa yang buku dibaca oleh adik?,Siapa yang buku dibaca oleh adik?,Who is it that (her) book was read by little brother?,Jeoung 2018,138,64,Filler-gap,resumptive pronoun
886,ind,g,Terry menyapu lantai.,Terry menyapu lantai.,Terry broomed the floor.,Sukarno 2003,58,20b,*,Terry menyapukan lantai.,Terry menyapukan lantai.,Terry broomed the floor on/against something.,Sukarno 2003,58,20b',Argument Structure,internal argument
2315,ind,g,Saya belum mulai bercerita tentang orang tua saya.,Saya belum mula bercerita tentang ibu bapa saya.,I did not yet begin to tell about my parents.,Jeoung 2020b,e161,20a,*,Saya mulai belum bercerita tentang orang tua saya.,Saya mula belum bercerita tentang ibu bapa saya.,I did not yet begin to tell about my parents.,Jeoung 2020b,e161,20b,Misc./Unknown,verbal structure
389,zsm,g,John mengambil buku dari para.,John mengambil buku dari para.,John took the book from shelves.,Ramli 1987,15,1d,*,John mengambil dari para buku itu.,John mengambil dari para buku itu.,John took from the shelves the book.,Ramli 1987,16,2e,Argument Structure,scrambling
390,zsm,g,John memberi sepuluh ringgit kepada dana itu.,John memberi sepuluh ringgit kepada dana itu.,John gave ten dollars to the fund.,Ramli 1987,15,1e,*,John memberi kepada dana itu sepuluh ringgit.,John memberi kepada dana itu sepuluh ringgit.,John gave to the fund ten dollars.,Ramli 1987,16,2f,Argument Structure,scrambling
904,ind,g,Anak-anak mencairkan saljunya.,Kanak-kanak mencairkan saljinya.,The children melt the snow.,Sukarno 2003,85,60b,*,Panas matahari mencairkan saljunya.,Panas matahari mencairkan saljinya.,The heat of the sun melts the snow.,Sukarno 2003,86,61b,Argument Structure,animacy
906,ind,g,John akan memanjangkan jenggotnya.,John akan memanjangkan janggutnya.,John is going to let his beard grow long.,Sukarno 2003,85,60c,*,Kemalasan untuk cukur memanjangkan jenggotnya.,Kemalasan untuk cukur memanjangkan janggutnya.,His laziness to have a haircut lengthens his beard.,Sukarno 2003,86,61c,Argument Structure,animacy
401,zsm,g,Ali mungkin telah terlalu letih untuk belajar.,Ali mungkin telah terlalu letih untuk belajar.,Ali probably has been too tired to study.,Ramli 1987,32,25b,*,Ali telah mungkin terlalu letih untuk belajar.,Ali telah mungkin terlalu letih untuk belajar.,Ali had probably been too tired to study.,Ramli 1987,32,25d,Misc./Unknown,verbal structure
403,zsm,g,Saya mahu supaya Ahmad pergi.,Saya mahu supaya Ahmad pergi.,I want for Ahmad to go.,Ramli 1987,37,34a,*,Saya mahu supaya Ahmad akan pergi.,Saya mahu supaya Ahmad akan pergi.,*I want for Ahmad will go.,Ramli 1987,37,34b,Control/Raising,complementation
917,ind,g,John membuat saya jengkel.,John membuat saya jengkel.,John makes/causes me (to become) annoyed.,Sukarno 2003,91,76a,*,John membuatkan saya jengkel.,John membuatkan saya jengkel.,John makes/causes ms (to become) annoyed.,Sukarno 2003,91,76a',Morphology,causativization
1430,ind,g,Kamu mencemburui Bill karena siapa berbicara dengan Tom?,Awak mencemburui Bill kerana siapa bercakap dengan Tom?,Who did you get jealous of Bill because spoke with Tom?,Saddy 1991,196,42,*,Kamu mencemburui Bill karena siapa yang berbicara dengan Tom?,Awak mencemburui Bill kerana siapa yang bercakap dengan Tom?,Who did you get jealous of Bill because spoke with Tom?,Saddy 1991,196,43,Island effects,adjunct island
918,ind,g,Kelakuannya membuat saya jengkel.,Kelakuannya membuat saya jengkel.,His behaviour makes/causes me (to become) annoyed.,Sukarno 2003,91,76b,*,Kelakuannya membuatkan saya jengkel.,Kelakuannya membuatkan saya jengkel.,His behavior makes/causes me (to become) annoyed.,Sukarno 2003,91,76b',Morphology,causativization
1942,ind,g,Adit adalah bukan gurunya Udin.,Adit adalah bukan guru Udin.,Adit is not Udin's teacher.,constructed,nan,nan,*,Adit bukan adalah gurunya Udin.,Adit bukan adalah guru Udin.,Adit is not Udin's teacher.,Besier 2021,25,18,Misc./Unknown,negation
410,zsm,g,Ali berharap bahawa John akan pergi.,Ali berharap bahawa John akan pergi.,Ali hopes that John will go.,Ramli 1987,40,43a,*,Ali berharap bahawa John pergi.,Ali berharap bahawa John pergi.,Ali hopes that John will go.,Ramli 1987,41,43b,Control/Raising,complementation
925,ind,g,Ibu sedih.,Ibu sedih.,Mother is/was sad.,Sukarno 2003,93,81,*,Ibu menyedih.,Ibu menyedih.,Mother is/was becoming sad.,Sukarno 2003,95,84b,Argument Structure,aspect
929,ind,g,Tina membujuk John untuk menyenangi Maria.,Tina memujuk John untuk menyenangi Maria.,Tina persuades John to like Maria.,Sukarno 2003,100,92b,*,Tina membujuk John untuk menyenangkan Maria.,Tina memujuk John untuk menyenangkan Maria.,Tina persuades John to please Maria.,Sukarno 2003,99,91b,Argument Structure,animacy
420,zsm,g,Saya beli sebuah buku supaya awak baca.,Saya beli sebuah buku supaya awak baca.,I bought a book for you to read.,Ramli 1987,49,60c,*,Saya beli sebuah buku awak baca.,Saya beli sebuah buku awak baca.,I bought a book for you to read.,Ramli 1987,49,62b,Control/Raising,object control
421,zsm,g,Saya beli sebuah buku supaya awak baca.,Saya beli sebuah buku supaya awak baca.,I bought a book for you to read.,Ramli 1987,49,60c,*,Saya beli sebuah buku supaya awak akan baca.,Saya beli sebuah buku supaya awak akan baca.,*I bought a book for you will read.,Ramli 1987,51,64c,Control/Raising,object control
696,ind,g,Kami mengusulkan supaya dibangun gudang untuk penyimpanan.,Kami mencadangkan supaya dibina gudang untuk penyimpanan.,We propose that a warehouse be built for storage.,Tiwuk 2017,36,41,??,Kami mengusulkan supaya dibangunnya gudang untuk penyimpanan.,Kami mencadangkan supaya dibinanya gudang untuk penyimpanan.,We propose that a warehouse be built for storage by him.,Tiwuk 2017,37,42,Argument Structure,passive
947,ind,g,Adik baru terbangun dari tidurnya.,Adik baru terbangun dari tidurnya.,Little brother/sister was just woken (up) from his/her sleep.,Sukarno 2003,110,100b,*,Adik sudah terbangun dari tidurnya.,Adik sudah terbangun dari tidurnya.,Little brother/sister has been woken (up) from his/her sleep.,Sukarno 2003,110,100b',Argument Structure,aspect
948,ind,g,John baru jatuh ke parit.,John baru jatuh ke dalam parit.,John has fallen into the gutter.,Sukarno 2003,110,101b,*,John sudah jatuh ke parit.,John sudah jatuh ke dalam parit.,John has fallen into the gutter.,Sukarno 2003,110,101b,Argument Structure,aspect
438,zsm,g,Mengenai apakah awak bercakap dengan Mary?,Mengenai apakah awak bercakap dengan Mary?,About what did you talk with Mary?,Ramli 1987,82,32f,*,Apakah awak bercakap dengan Mary mengenai?,Apakah awak bercakap dengan Mary mengenai?,What did you talk with Mary about?,Ramli 1987,82,33b,Filler-gap,wh- question
446,zsm,g,Guru menunjukkan eksperimen sains itu.,Guru menunjukkan eksperimen sains itu.,The teacher demonstrated the science experiment.,Ramli 1987,94,56c,*,Guru menunjuk eksperimen sains itu.,Guru menunjuk eksperimen sains itu.,The teacher demonstrated the science experiment.,Ramli 1987,94,56b,Argument Structure,transitivity
700,ind,g,Hiroshima tiramnya enak.,Hiroshima tiramnya sedap.,"As for Hiroshima, its oysters are delicious.",constructed,nan,nan,*,Tiram Hiroshimanya enak.,Tiram Hiroshimanya sedap.,"As for Hiroshima, its oysters are delicious.",Tiwuk 2017,114,114,Filler-gap,topicalization
2287,zsm,g,Budak kecil itu tidak mahu makan langsung.,Budak kecil itu tidak mahu makan langsung.,The little boy does not want to eat at all.,Zoraida 2006,74,13c,*,Budak kecil itu langsung mahu makan.,Budak kecil itu langsung mahu makan.,The little boy wants to eat at all.,Zoraida 2006,74,13e,NPI Licensing,NPI
462,zsm,g,John melempar batu itu terus ke luar.,John melempar batu itu terus ke luar.,John threw the stone right out.,Ramli 1987,108,85a,*,John melempar ke luar batu itu terus.,John melempar ke luar batu itu terus.,John threw out the stone right.,Ramli 1987,108,85b,Argument Structure,scrambling
985,ind,g,Ayah membangun sebuah kandang ayam dalam waktu sepuluh tahun.,Ayah membina sebuah reban ayam dalam waktu sepuluh tahun.,Father built a chicken shed in ten years.,Sukarno 2003,135,143b,*,Ayah membangun sebuah kandang ayam selama sepuluh tahun.,Ayah membina sebuah reban ayam selama sepuluh tahun.,Father built a chicken shed for ten years.,Sukarno 2003,135,143a,Argument Structure,aspect
2289,zsm,g,Dia tidak kecil hati sama sekali.,Dia tidak kecil hati sama sekali.,He was not discouraged at all.,Zoraida 2006,76,18a,*,Dia kecil hati sama sekali.,Dia kecil hati sama sekali.,He was discouraged at all.,Zoraida 2006,76,18c,NPI Licensing,NPI
2231,zsm,g,Budak-budak itu bermain dengan tiga biji bola,Budak-budak itu bermain dengan tiga biji bola.,The children played with three balls.,Carson 2000,3,1,*,Budak-budak itu bermain dengan tiga ekor bola,Budak-budak itu bermain dengan tiga ekor bola.,The children played with three balls.,Carson 2000,3,1,Quantifiers,classifier
2232,ind,g,Saya mahu lima ekor kuda.,Saya mahu lima ekor kuda.,I want five horses.,Carson 2000,3,2,*,Saya mahu lima biji kuda.,Saya mahu lima biji kuda.,I want five horses.,Carson 2000,3,2,Quantifiers,classifier
479,zsm,g,Adakah emak menggoreng ikan itu?,Adakah emak menggoreng ikan itu?,Did mother fry the fish?,Ramli 1987 (adapted),122,2b,*,Menggorengkah emak ikan itu?,Menggorengkah emak ikan itu?,Did mother fry the fish?,Ramli 1987,122,2d,Misc./Unknown,focus
992,ind,g,Ibu membelikan Fatimah sebuah baju.,Ibu membelikan Fatimah sehelai baju.,Mother bought a shirt/dress.,Sukarno 2003,140,149c,*,lbu membelikan sebuah baju Fatimah.,Ibu membelikan sehelai baju Fatimah.,Mother bought a shirt/dress.,Sukarno 2003,140,149b,Argument Structure,applicative
993,ind,g,Ibu membeli untuk Fatimah sebuah baju.,Ibu membeli untuk Fatimah sehelai baju.,Mother bought for Fatimah a dress.,Sukarno 2003,141,151b,*,Ibu membeli Fatimah sebuah baju.,Ibu membeli Fatimah sehelai baju.,Mother bought Fatimah a dress.,Sukarno 2003,141,151b,Argument Structure,transitivity
484,zsm,g,Aminah memandu kereta dengan perlahan.,Aminah memandu kereta dengan perlahan.,Aminah drives the car slowly.,Ramli 1987,136,18a,*,Aminah memandu dengan perlahan kereta.,Aminah memandu dengan perlahan kereta.,Aminah drives the car slowly.,Ramli 1987,136,18b,Argument Structure,scrambling
486,zsm,g,Aminah membaca buku di rumah.,Aminah membaca buku di rumah.,Aminah reads a book at home.,Ramli 1987,136,18a,*,Aminah membaca di rumah buku.,Aminah membaca di rumah buku.,Aminah reads a book at home.,Ramli 1987,136,18b,Argument Structure,scrambling
1005,ind,g,Ibu membeli untuk Fatimah sebuah baju.,Ibu membeli untuk Fatimah sehelai baju.,Mother bought Fatimah a dress.,Sukarno 2003,148,161a,*,Ibu membeli Fatimah sebuah baju.,Ibu membeli Fatimah sehelai baju.,Mother bought Fatimah a dress.,Sukarno 2003,148,161a,Argument Structure,internal argument
2235,zsm,g,Tiga baldi air hujan itu kotor.,Tiga baldi air hujan itu kotor.,The three buckets of rainwater are dirty.,constructed,13,23,*,Tiga air hujan itu kotor.,Tiga air hujan itu kotor.,The three rainwaters are dirty.,Carson 2000 (adapted),13,24,Nominal Structure,measure phrase
1117,ind,g,Berita itu menyedihkan ibu.,Berita itu menyedihkan ibu.,The news saddened mother.,Sukarno 2003,290,70a,*,Ibu disedihkan oleh berita itu.,Ibu disedihkan oleh berita itu.,Mother was saddened by the news.,Sukarno 2003,291,72a,Argument Structure,animacy
2237,ind,g,Budak-budak perempuan itu sedang bermain.,Budak-budak perempuan itu sedang bermain.,The girls are playing.,Carson 2000,36,35,*,Budak perempuan-perempuan itu sedang bermain.,Budak perempuan-perempuan itu sedang bermain.,The girls are playing.,Carson 2000,36,38,Morphology,inflection
1529,ind,g,Wim menuang air itu.,Wim menuang air itu.,Wim poured the water.,Son & Cole 2008,152,58a,*,Wim menuangkan air itu.,Wim menuangkan air itu.,Wim poured the water.,Son & Cole 2008,152,58a,Argument Structure,transitivity
1530,ind,g,Dia bukan guru.,Dia bukan guru.,She isn't a teacher.,Kroeger 2014,138,1d,*,Dia tidak guru.,Dia tidak guru.,She isn't a teacher.,Kroeger 2014,138,1d,Misc./Unknown,negation
1021,ind,g,Ibu mengirimi Sandy sepucuk surat.,Ibu mengirimi Sandy sepucuk surat.,Mother sent Sandy a letter.,Sukarno 2003,181,18a,*,Ibu mengirimkan Sandy sepucuk surat.,Ibu mengirimkan Sandy sepucuk surat.,Mother sent Sandy a letter.,Sukarno 2003,181,18b,Argument Structure,internal argument
